Sensor1,Sensor2,Sensor3,Sensor4,Sensor5,CURRENT_FAILURE
1.581076411518822,1.9569052558300388,-2.4617215716051954,-1.1591629515223278,3.5690955444367027,0
0.8405842618699801,2.320884592551839,0.8176064693190036,-1.7107267010798495,1.6279347394959591,0
1.8968932303558304,1.2899609069687468,-1.1465903057937998,1.8571826306163277,-0.17892115320268087,0
1.0095564523903993,3.646690391978299,-0.11445630255796957,-0.14513120158940618,1.1604184213818451,0
0.04420685421352999,0.7589194334714475,-0.12227331667084651,0.37041761348056146,1.2190889626604378,0
2.8721368459923426,1.3623997442509779,-1.782777009915884,-1.1919199414996124,2.813394999410096,0
0.06576661316967858,1.76555970029442,-1.3383835170444007,3.1362888727904963,1.9342250141315995,0
1.6764298346887458,-1.108990110118491,-0.812847643787233,1.7533584683035923,1.4277788176626214,0
-0.3036930969580569,2.2202347794020665,2.270172383013219,-2.1000667354982436,1.119967572430412,0
1.02440197535052,1.0077485910274775,-2.3045027446822512,0.5399707005508878,0.7660983683581624,0
-1.0235560563350328,1.2658523708305693,-0.13836722057061246,1.977891281477734,2.313438999310821,0
0.5036402283333516,2.084764148175981,-0.17390445875236837,2.5570751947488004,1.6212424378151546,0
-2.7262910691090303,1.717210230255112,-0.3568132057811869,-0.8134688970985386,1.0072470296078309,0
0.6173397885676899,1.6208372603963634,-1.3964174142574053,-0.7086660830071867,2.8551179872078167,0
0.1392525127210429,0.8103980294521008,-0.6530841653357874,-0.6181050497192846,2.420005394596074,0
0.008324925165093089,1.383371160696976,-1.3382975419266763,0.6752642970748107,3.043159301545236,0
0.4784482930124917,0.9668640489151764,0.09450892672939015,0.1988356656445307,2.1775112104652545,0
0.14571330672599847,3.458899349188002,-0.21272764025111612,1.2929931864579334,1.8933217282335644,0
0.5959280109549459,3.190839997209325,-2.063315564936043,2.5804820549784333,1.7748786915699823,0
0.7632592142745256,3.938043074158127,-2.24085779526781,5.178566564600855,2.69996057197827,0
1.649080461728572,0.9270263426788479,1.620814584480827,2.85715647229135,2.1835868408664556,0
0.9203264852095023,0.9034525957278522,-0.012259067344518537,3.1740884437868004,2.0155283057832625,0
1.6288584114687028,1.2936320952802125,-0.746343932044719,1.6953553501183591,1.8369345602882883,0
1.2043777583431305,1.8728999854011001,-2.580552629136774,1.8553157506279885,2.314550586319351,0
1.4934534624005678,0.9440608599520295,0.05488913985088395,1.8933796399345593,2.652714440851849,0
2.0421029040653647,0.5320671716597798,1.6618732422660711,1.133986949041543,2.6715303426492722,0
0.5754558161092089,3.0617114513977537,-1.2327529253412324,0.6585445135737473,0.4189329186830393,0
-0.4789355333093177,1.6911638095274217,-0.8458580429260294,-1.2184740439326651,1.632166346822636,0
2.55260307833981,0.3413009122044064,-2.1474134166940226,-1.5228557597299648,-0.24442429044125014,0
1.2857458721322303,1.4075920145463507,-2.09977796007231,1.0947817815088954,5.122709700214896,0
1.3197676543095458,4.114085537151327,-1.4511653931738822,1.7887875210680628,1.9238700939417772,0
1.3437249598241827,1.884185492035562,-2.060915696848566,1.5354741195146178,2.1861321825551006,0
1.2182479103513981,3.6098372194706156,-1.449708036294796,3.5319381337899554,1.0722771059414846,0
-0.19229804249233617,1.9952533140995707,-1.569773722486069,-0.0018237004769288134,1.175141716265886,0
0.9888749287213292,1.9566091328268547,-1.680757434876262,1.6969319722744793,3.171038007732883,0
-0.7306461076499291,1.6626730378673626,-0.5910701720729437,1.4818082965521464,3.3745031868345308,0
0.48427145487991896,0.8372618218033419,-0.7770533125140413,-0.4012426530800257,0.9504542609893988,0
1.2064985794830894,1.3406496067412952,-0.9758343937880591,0.9246589486091831,1.1145054059296744,0
0.9253321605525098,1.1224217402183558,-1.5488663489675685,2.5335900931732196,3.3933283052454426,0
1.628606901771426,1.970453617135905,-1.71592483926392,0.8239842872584631,2.995858193656594,0
1.5532523418411852,0.9021956120014863,-1.1605551795010283,1.622482347324774,0.6656850965426242,0
0.8082788263019889,0.8154531310794261,-2.55293741967478,-1.0274777609607832,3.354441485213307,0
0.8399907688271095,1.2756549388806073,0.07575088029600063,-3.051540779901715,2.530119512406436,0
0.749557172213164,1.2758945323954844,0.1292003315799073,-2.3679378870963768,3.9993854488724123,0
1.7802750468529132,0.2429325558038744,-0.13159837570607802,-0.6470486327254031,2.1041806855965333,0
0.694138140092484,0.9716787812947862,0.5694220651913255,2.751375212463749,2.5992737892036133,0
0.7828459565952935,1.2690936192433508,0.10646406331005143,2.9867418783346973,0.6406473294275994,0
0.789034997575051,2.031298064770319,-0.8001513467316197,2.2930977810257627,2.8818793043940514,0
-0.5567004088148892,0.17784108995172754,-0.5096643546542607,-0.5041974739438818,1.9206495250440612,0
1.1145210350473131,0.9534386476678129,-1.6630631523346913,0.41197994879281163,2.3541042313572262,0
0.6531014313590917,1.9184165605540004,-2.336607684187315,-0.02748645545042222,2.515164194512165,0
1.2997959937178314,2.1350973103767417,0.49387111773748216,0.2802880409670985,2.2390599858077205,0
0.529882103753714,1.2341135578780102,-2.379211027472634,-1.9960499784779233,1.6684305721824815,0
1.809418117609248,1.2848449691880162,0.04099830549376937,1.2271752003450074,2.3143334270463733,0
2.2929882692912367,2.415601590983488,-3.5338289216892473,0.7751733811956032,1.9694987401158937,0
0.21817047009346258,2.8620634541461305,-0.9038475197597254,-2.5952468471319765,1.0558488294022892,0
-0.06466901443620943,0.8672122936833374,0.27941286887575534,0.2214611672588389,3.035970537924066,0
1.9210716804463588,2.193299498709941,-0.8815098194259052,-1.911119208798617,3.5921802964877356,0
2.3296963138337508,1.53919115024383,-0.7935079464050007,-1.233809573552143,3.0062617610906113,0
2.8598824187680214,1.3995010203568852,0.05695700904220413,2.311176650076126,3.4893195918062183,0
1.4660669260727972,0.29742074480480274,0.3064576412660377,3.038633452606545,3.046258837149697,0
0.9321677224629128,2.1890236037857305,-2.0887471544527365,0.003016215412118717,2.0350872478600253,0
1.8606143472440293,1.7732512054612077,-0.9961474700110381,0.14308824655554364,1.6056396653210636,0
1.5644078282463278,0.7875747788098181,-1.9093396009080559,0.00386933339179496,1.6274958171700156,0
-0.4269695122629118,1.4022032563529552,-0.04958922338913918,1.5849671904373719,1.2578658159329412,0
0.38582232385837567,1.507422814053842,-0.4987257540500117,2.207844601711387,0.19330305647426038,0
0.2763348485978516,2.08014823040895,-0.0820109867036597,3.297260875749094,1.2006088852965424,0
-0.053835765837897176,1.9285082592871061,-2.9651809181400504,3.429304374423454,3.4224000018364213,0
3.0136010884606934,1.8824513918731154,-0.8848674806905422,2.333695572518072,3.57932165796411,0
1.762180230017921,2.8013343047955264,0.555459050174056,1.2209607783168765,0.8558316705421083,0
1.4166151690914575,2.019315182427665,0.3127507128105086,2.5790322340327596,1.1980063981808202,0
-0.5525591315206732,0.16321410218933874,-0.5632940178786905,1.5930270062441014,2.5656752942720713,0
0.8406568259829836,0.914354972187285,-2.5288011979153437,1.7321314794484626,2.7026796891397695,0
0.4172211123268873,2.7152500490045277,-0.6086427828499273,-1.0193557763595065,2.1386691137894434,0
1.5380903055746284,1.0785696692125,-0.1160854126204981,0.0031506658441531332,1.5716782782690606,0
0.8591351711632828,1.6872267253290019,0.11109806127827393,0.3863672672189071,0.4326220252463353,0
2.112151938535531,1.5705660186250225,-0.8412680158630907,-3.3665411268869034,1.3321110018783,0
-0.0766292913148473,0.5003127399776133,-2.8837397430234093,-0.09276591705823806,1.2467975706581276,0
1.2310794392741204,1.8616779287312266,-1.615605110828683,-0.43324676381530847,2.9323956328984178,0
-0.012978019215854841,1.2535873865349363,-1.4921075555921277,0.9893913181780838,2.6237239526147134,0
-0.1540832601570069,2.571805395522845,-2.044118577164542,1.577052294885359,3.2764554759314564,0
1.834501752616403,1.1590126870188946,-1.1057582437569873,1.2897129656045747,1.3076442802538422,0
0.24184770277758838,0.5513200851326089,-2.159051738222134,-0.9407486603775757,1.7744750475516369,0
1.37857122822823,1.3487159823914798,0.22372315952596333,-0.5964229210746635,1.5797790939926901,0
-1.0447728127868647,1.3007378369706357,-0.34669160411986477,-1.9570150221858258,1.941758707064324,0
0.6492327289033659,0.48059117373107796,-0.7561724515401594,-0.7191907448079797,3.3547642926773324,0
3.037854172200988,1.9525732962616833,-0.2064516609018433,3.4174660169124533,4.2444444035865025,0
0.7469792078276842,0.9057810792612391,0.1271411808812717,3.180683338534465,3.141177328778209,0
2.5360609030648322,1.7481379250060776,-0.37857172710588805,0.6478647762878644,1.0216606803942727,0
2.0598492424248094,1.370067899333004,-0.10182867584078348,-0.9405608953133178,2.368606051721707,0
-1.2123372935675318,0.7120575625258476,-0.9466036918245161,1.941740016831936,2.8870087345919373,0
0.8867294487143357,2.070411542569569,-1.8651181268748875,0.6375284767559595,1.841310538217433,0
0.8155578594321147,1.655559930765198,-0.11841767739412012,3.9554915147319165,-1.292474901449489,0
1.3039173459672253,1.4842053600340968,-1.999073084629757,4.785314448457688,3.242275827430108,0
1.5138391951507024,2.0675443842947083,-0.8819044497417604,3.7635304328403554,2.5512070034103465,0
1.100983915430255,1.3302458768644054,-0.7735875110656516,4.067335453014047,3.0422533421571822,0
1.2336658292498675,2.4266690452538864,-2.1529663612991454,3.6637183564860263,2.290446536224364,0
0.9374712327310345,2.0035604215592557,0.5224693662182599,2.5062605682482495,1.6864094187355094,0
-0.6618060396346014,1.8177107040245102,-0.7885126856854462,4.554482702645429,2.7141140125533405,0
1.2015741252698757,-0.18350315350724622,-0.48517071847229204,2.964625780976041,0.9930320087589102,0
-0.1790668149862904,0.6053548433850994,-0.22304506375597877,0.6814292702502267,1.6104400120218627,0
1.4198406591048771,1.1306087584543865,-1.3275315685350568,2.6825503065814145,2.6118297573410603,0
0.28123817412908575,0.7853406567061266,-0.1358361134664885,1.653108025602243,2.5240304101611315,0
2.5281827532776813,0.9245649247349919,-1.8467782691374142,4.669684674163296,1.1174163697378412,0
0.48529636269295845,0.5375466347576431,-0.4864686406120743,3.2464720005195744,4.097355493566367,0
-0.6119276184209763,2.0052953802371882,-0.6739727127950754,4.367447128957612,0.05475406250114223,0
1.409742064104897,2.786569309489928,-0.5271313683091061,3.5818276350662606,1.6116410956041536,0
-0.4260025957120531,0.4096235286967981,-0.10569652348369729,3.7443614988919602,1.6390649471271856,0
1.9255773967865764,1.605568534914696,-3.4066973429916305,1.6605252507719017,2.678998209672422,0
1.1470385004931256,0.7890365322632467,-1.437185769027786,2.2040253202404765,1.3132733240979406,0
0.4767855040308022,1.3819440515842574,-1.93269003664784,5.668001620303799,2.7811712436780613,0
-0.5455841537865203,1.692700228438893,-1.2848726783011104,5.84784616637839,1.403216148156881,0
-0.20108311731529205,1.8088571293621825,0.6051882840756675,2.852855167426675,2.6885619677530763,0
0.5722961825508679,1.726764525588108,-2.327843197987116,2.6995372259215227,1.143417410548719,0
2.3265517498774675,2.5303481142773974,-0.2186592129759809,1.4669150606579449,1.9746698852313247,0
1.9912281085567587,1.7105499310873147,-0.37446837436070946,1.176091565353972,2.4532972624351377,0
1.217598046038034,0.34905200058469876,-0.5183723703801113,-0.2605225889277476,3.7681042860821625,0
-1.0971118057891114,0.9530571057539409,1.177748181279364,-1.6762038320937764,0.6926844995572219,0
1.8856144810470454,2.7398298445390106,-2.5972398514075627,0.020015039720165717,3.404476053878065,0
1.682450244494476,0.7067792440941889,-0.8181043172590576,0.12438540721020275,0.8855991560027705,0
0.3885706031969822,0.9364867752973793,-1.5298833678063195,0.3535844772816722,0.6369965593064739,0
0.7651878529331606,1.0947728718584648,-1.1188586454411702,-1.6030321590585266,3.0044810764940046,0
0.0394046975861293,1.871796542638412,-0.6004058272520804,-2.0752785360105994,1.7844022863398643,0
1.6960981939624027,1.3563937801778916,-0.8710355927912542,1.4166537378509267,0.3621660791591603,0
0.7399780806090669,0.3317152081935806,-0.5461917290627979,2.5796785803208584,0.9603607152246993,0
2.1971390136081697,1.348848327382705,-1.4070334349893896,3.6075765266803184,1.6819945811481873,0
1.5009556725542954,1.9619501109716686,-1.7249827270488378,0.3786749164829234,3.407193998515874,0
-0.6771505841014251,0.48438845047126877,-2.0871697177593234,1.1706359420324308,2.0463770659614657,0
-0.06425038297860786,0.49803042344709914,-1.3722138383364233,1.5014168657834817,1.8487581381785347,0
0.8190398599083347,2.8381283991845594,-2.9225825822576885,2.2317854722482187,1.3851925550501027,0
-0.34184316310364604,0.5558122105254515,-0.20844320282047546,-0.41658456173071645,3.258369226203892,0
2.1741522202030272,2.435162911832811,-2.1455309977497996,0.8161901403195363,3.305636183731524,0
2.5188839778912926,0.28742192788997756,-1.0945329666935675,-1.3022717150989296,2.7035626384909515,0
2.020700821899671,1.684654210340642,-0.7856539125196864,-1.7248547655975497,0.6675527811757334,0
0.4145197853938257,1.2819445679887447,-0.8239644526774554,-0.4366874622582546,1.6965451255278803,0
1.272503083131042,0.9807827190870402,0.5160578034211807,-1.32299301391082,4.401236538502301,0
0.8447557182315582,1.2581502222487277,-2.7439718701104168,-3.082412103952975,4.491590371500644,0
-0.2564642611941629,0.21869248516595952,-1.561140073634843,-2.608938644158565,0.3209867247037832,0
-1.1006769009640702,1.9250581743305766,-0.1283999005811446,-0.7056096758797432,2.440919662840698,0
-0.4042747164458721,2.2719046821832514,-0.556616787532,-1.405818748164488,1.422339548992351,0
0.15404041756724296,1.002024502117598,-1.4406316194405762,-1.2344237032900276,2.9182969284207974,0
-0.9837365130333992,0.2541165534166341,-1.166702559296428,-1.1620803912188284,1.9917939626671872,0
0.10450480538200468,2.3408144368829245,-1.5167480202363648,-1.0286320989541957,2.4788077021462644,0
2.056048116220797,1.4367708236452374,-1.4506663371764539,0.17376626898082836,2.2404950687707403,0
1.9752089970113693,0.9588000904465762,-2.082872639925492,-2.190372277999023,3.664594884819291,0
0.8526610509738508,1.8616366151054429,-0.17652289946272737,-2.2566577043806793,3.345988611410413,0
0.8154352697764207,0.33327520466055094,1.4575443649710416,-3.6817202432971334,2.3628670916433663,0
0.46307159832203837,0.25570671772045583,-0.7254163280899706,-2.9728141186917227,0.26941668547127096,0
-0.7613911890814626,1.9505755784908236,0.1258603885154339,-2.463241385119407,2.3770185322403354,0
-1.2959517687547928,-0.6354132388892306,-0.04369843447987731,-3.195707157220002,0.7384488650108252,0
-0.4530658382945906,-0.01667139440882659,-1.1364448460885461,-4.916480054369561,2.898362115904817,0
1.9002551655587956,0.24768119833204794,-0.30422291227878795,-4.040496891055784,3.1318202354885267,0
-0.05040322714730361,0.5886072286405565,-1.1453012532337574,-2.1606258039176605,1.908670777909107,0
-0.08914503157151998,0.43760951529571135,-1.494927589451266,0.5290466213199417,1.550282831429665,0
0.9025703220052814,1.790395329506838,-2.8925653340622555,3.1127719370109466,2.448816974565838,0
0.8811471717336743,1.371261790815872,-0.5366306932997615,1.9875080371950453,1.876848146458627,0
-0.38384294997700663,1.4249958779834093,-1.5462473468480828,0.18051908756039114,2.4400654443461094,0
1.2599855530485338,0.1394741785241016,-2.513450215430849,-0.0644417496126638,0.6773212657961862,0
0.0049535144684785815,1.1579682024478848,0.6406451848612222,0.7470693879484974,2.752938202209268,0
1.488882592732331,1.7655468687836684,-0.975256099186087,1.6063286493423374,2.386676144363112,0
0.799191907258385,1.5783922709477227,0.2206950937251586,1.2119917776687985,1.3841847113082986,0
0.535412772126072,0.4355015202341771,-0.7969625285428175,0.8705799849806682,2.541009808825611,0
1.6423535565834633,0.601472718742057,-0.948751778041384,4.572901452932744,0.1370638935425661,0
0.452437462220065,1.8583271830804353,-0.5376570903981381,3.0735197107939083,0.519298215090819,0
1.3938154188936631,2.569497114031358,-0.6709584232941823,2.619642192267915,0.7177745765657746,0
-0.053563720282532645,0.8273328460933632,-0.7742473872610177,1.921891812484534,2.9455896927950693,0
2.212964151345091,0.6555357455168356,0.3083044350264408,2.9131603592909245,2.9025520109654055,0
1.3817757865440503,2.384460443988835,-2.681999649794524,1.507267120701905,1.9602817584988792,0
1.1151158571062032,2.062201289949745,-0.7307707546621331,2.5502304360474177,1.3721087145815543,0
0.686984007791748,0.34171705676686703,-0.9108382663936125,2.0406672613088115,-2.6034776621970335,0
0.5293457719710893,1.339203645923525,-2.4605950030001225,3.816684254017315,1.7159284329162352,0
-1.0768106128044477,1.3747610372899968,-2.8136334107705205,4.705811974356539,4.148653148565499,0
1.166063838428412,0.6524468717690074,-0.8702660492691372,4.8103118845186135,3.3348380142451983,0
1.9424156529091616,-0.24875786762327512,-1.2179883002764575,4.54098345296708,2.810363176210764,0
-0.14775766397814372,0.46920933079806426,0.09950749492381195,3.875623592942386,3.406050758184766,0
0.39676767145021025,1.3060656804444153,-1.6317423119991146,4.726477428616864,0.9891966286001173,0
1.4078002249440733,0.7289675799004054,-1.7138752992328412,2.609011963421352,3.7031460026684586,0
0.709736193862122,1.4522811240122815,-2.793512074774905,2.6294737374652795,1.941222366977909,0
1.7474463515952303,1.0444629586038805,2.462163731387231,2.9342738356016724,4.299947292521968,0
-0.1180004144696446,1.0441805624188891,-0.7205892281175672,3.8364018917275455,2.0386854113800843,0
1.156997980195201,0.9687458658226084,-0.013405263648254895,0.18743639210342522,3.289630330082895,0
1.2612871584292429,1.1162858073696702,-0.5569287828429439,-3.049797041441874,1.7856895581491719,0
1.838925219235549,0.39099142549187704,-1.0478513813736932,0.12028332508578088,3.51586083643104,0
-0.9195793913941848,2.022369184307885,-1.589675614596937,3.0055989998497354,2.346799399334509,0
1.1136572874177573,1.5491253033191832,1.2934623022689526,2.0848890013214416,3.6869002854822357,0
1.2133279180629368,2.0617515372154376,-3.1346392507351633,4.216852360181827,2.9183242253284263,0
1.5046598954492858,1.157713997637547,-1.2577238011829488,2.2643458287748683,2.363793727407683,0
-0.4528960198177937,1.066144062485989,-2.267678930916105,1.0127619221937327,2.6843591485336304,0
1.21117629512543,1.6956837703130263,-1.5256162138001272,1.0722736268420885,4.555853850502743,0
2.3133127708251933,0.9907663606464429,-1.0286971243604133,1.1258135860822294,2.7427167788477718,0
1.6566901904068527,1.3429473558876457,-0.8111781660072729,0.4286455040975563,1.905504954863506,0
0.8098401692777938,0.9077267020793894,-1.7090041206894129,2.070564821514897,4.0008556233355606,0
-0.4189226601700202,0.8548645040166236,-0.9155082191984656,3.4265071932187907,3.9406361768055627,0
0.42969398507424733,1.1596061973289953,-0.6438003895303486,0.8232888882714353,2.0640906088380677,0
-0.31545764462868076,0.6766317195620613,-1.2457024915275803,-2.4477827123226295,2.5773302373273075,0
3.0732191540047906,0.9246895860977133,-1.3123122648351482,-0.7828479529178599,2.900556003515191,0
3.1702489882826095,-0.6881829433106954,0.529460734478187,0.9584088332430819,2.4531568230960343,0
1.2664752152886254,1.626269974983844,-0.8550671587097746,-1.9331252713547582,1.9499274546220178,0
-0.5815168687418094,2.396972139788603,-1.2281418987279547,-4.179010878591852,2.1609429836333547,0
1.89276394002768,2.0283729312262917,-0.2334888848440656,-2.3514307003451913,2.3852441224742735,0
0.08067500363623403,1.1662971027297242,-1.0149507259101709,-0.6645010328817154,1.7773458517757281,0
1.5509782160580174,-1.0293749912827574,-0.16636512647751278,-0.8220097975498444,1.9034925192465204,0
0.3561763667921549,0.23192393329412997,-0.831979721573668,-2.0225200181598075,2.3231009877020403,0
2.1510965629415515,3.1195118964699153,-1.4224646220299069,-2.476469680687987,0.9652025321399642,0
0.701225986136659,0.1345637682396944,0.14080325008122774,-1.8084802147518833,2.9048552519976023,0
0.43244658176672224,1.623612844774776,2.82759541863058,-2.2640997999413845,2.8475457148025827,0
1.467109818095913,1.0671896433668748,-1.933101025749198,-1.34280491110253,0.9082148798623062,0
2.621478313025212,0.042452513860128493,0.26247015076188984,0.6860938731193459,1.167776856329228,0
1.0173067995384284,1.2430550935975153,-1.458079154263991,-0.2095321165833724,1.3763649177781683,0
0.33098937535769996,0.2635738443533868,-2.243038689070512,0.04218670624057175,2.2818858753876907,0
0.7454904216846473,2.0835550954203867,0.4187674150407603,0.19433554750808885,2.876940625681876,0
-0.6522650180096353,1.0278440529982587,1.0850214602993327,0.5330264396553486,1.537116019167363,0
1.0148435760660441,0.7876304907651187,-0.9291397252984873,1.1203580971013083,2.566508829563843,0
0.06284042680753055,1.0456828828782525,-2.590953421298619,2.4486967325864035,0.16313560466011268,0
-1.3128646199498855,1.323463009029453,-0.889427083809702,3.21767263676154,2.310502138178805,0
1.7534621027673891,1.177117287696369,-1.3186502889208873,2.132390287810238,2.1086407896110146,0
1.6990100802961308,0.12983522979487494,-1.6562717757054553,3.6232021748441587,2.545240843758906,0
1.3477070789729675,1.143631872032011,-1.3239795504718552,3.39944070917148,0.30540104780295807,0
1.170152586508119,-0.5444348875719353,-2.161576336326182,0.6246159992912141,1.5503485469347766,0
-0.03621431727271651,1.037600360205498,-1.4057541969960146,-1.4016912932408934,0.1833001653132902,0
1.3897618085851309,0.5298784643399503,-1.5874978991420672,-2.1592779405487805,2.2524029275727027,0
0.9446916375357308,1.1744750867756741,-1.0740500763758782,-3.502120195789263,1.303269541601809,0
0.5945653872934488,0.9083978108422726,-1.6355636540663356,-0.10628815801415037,0.24063040094142996,0
1.7741830636539975,0.23093678464880507,-1.7358021967648851,0.44995019951944504,3.0449698452744167,0
2.1047760333209675,-0.8408301478384526,-0.8641706802481601,-2.460435472167778,0.3447134080198959,0
-0.06704485320558373,4.045162606498422,-1.4219488471839052,-1.2537505255221395,0.9939783290492927,0
0.2285834233641154,1.8954618037438595,-2.4450423358928344,-1.085871409051724,2.3537380022574266,0
-0.6150772029950684,1.72254284778891,0.13089261693563414,1.3607815649415747,2.76854565237509,0
0.5596261342146769,0.3274967498071615,-2.248771829313995,3.279229368694529,2.6998727424581963,0
1.098025606600512,2.323426039689338,-1.3485174349320865,0.5796234578873711,1.833759088699276,0
0.6898762027359819,0.5976561140479126,-0.5735155250483552,1.8922055324714835,2.9344014626460617,0
0.40950767490181117,0.5054272783700979,-1.428132826964438,-2.105636997629285,2.043143041453018,0
0.4685620755729412,1.0728567049510904,-0.4118163910842263,0.19024996196691935,1.6418399480666093,0
0.7421882515173482,0.8281074683002564,0.007529940481802333,0.903927596665722,2.4266377130549435,0
0.02285859912942434,0.3525912699803285,-0.1762484261582863,1.6549635253749857,2.88507618138976,0
0.7619503790963762,1.3093875331606295,-0.14162999314953206,-1.5959169317267778,0.9509979732930198,0
0.0957508793968963,1.166820773456022,-0.766761325748736,-3.3230021228699833,3.890865788078324,0
1.4878331593740657,1.1567768846714304,-1.5822405333687362,-0.141351236158823,3.539616774513729,0
0.6967569007453561,0.7491440187086622,-2.1861245353605065,-0.3205307862755688,2.179455818802768,0
0.9098751451917433,1.8354050607615633,-1.8227441779700415,-0.47604402781696964,2.032347468757334,0
-0.4961845730751855,1.7130035133596504,-1.4703582284897971,0.24050873999969824,2.4715900872263856,0
1.0636072297010815,1.0073740287230433,-0.9902840903431085,-1.1688314958183013,-0.4622824633128739,0
0.3088536441298055,0.8165566680943899,-0.8876287051606929,-2.416049967860348,-0.4651610282385916,0
0.6410255406173494,0.9019539671206321,0.6774589653480045,-1.7729888766525645,2.963524099410069,0
0.9739435126509134,0.31525779978148827,-1.3664854167108207,1.3115425586918652,1.5170686022546507,0
-0.36261518358555445,1.208691578469084,-1.572267924738937,2.4487966167112103,1.106143683331515,0
2.216171284730711,-0.6863339753636769,-0.3433748078148998,3.9005809265994458,1.6520060380351442,0
-0.05304477058688317,0.9782268528125139,-2.075452963913127,2.5264909967341547,0.621744183397051,0
0.34087431857857414,0.9880417436173605,-2.0757671863417224,3.51800756070263,2.909979930613877,0
2.5796163202574673,1.0562095087357142,-1.7520015948053909,0.34228857247991296,-0.11265621216126975,0
0.9854449587134155,1.2618956740104212,-2.1880529936829323,1.53882696171591,1.0567107941693425,0
1.2729747662349242,1.565343551469954,-1.6084313105233718,0.2672933490866032,3.7278309469325284,0
0.7653861979136406,1.0182518433590388,-1.9070806437978818,3.114777406930015,2.307975525457063,0
0.9410141458309245,0.8220555663228926,-0.9323861730952101,0.4581871823375281,0.6607188490302998,0
0.1573316300768305,-0.06510228249493011,-1.0366607693053438,0.2874085333064531,1.929246341902266,0
0.6730861369232697,-0.1673499281666495,-0.41647985100961327,1.7924112358607815,2.9093416971308237,0
0.17126466829953868,-0.0810515877889858,-2.834908061186074,-1.3920441429327093,0.5263481242507679,0
0.2845830241285471,-1.2948529326389546,-1.3700604885897494,-0.8988703173613866,0.6679843402399461,0
1.7773734473686078,1.3736219654872066,-1.301886714742679,-1.4166071662451019,0.3828041417734098,0
0.5968781794700374,0.9698958428995522,-1.849021811233242,2.1808951352788597,0.9748867630311024,0
1.9770164915887318,0.814590493171204,-2.9754556651937305,1.833625257956222,3.469921298030936,0
0.7746069140381039,1.7747196873288513,-0.9330888686295657,0.5817544991044328,3.7871937173415504,0
1.4037280687162186,0.7442900338994939,-0.28712832006970335,1.1280267289919688,1.11535861937232,0
1.2654157797330778,0.0843494856410727,-0.03493222851105604,1.0410617954147603,1.6049445897231012,0
1.668139914799418,-0.8301894163516454,-2.3216688732104274,1.2095360413900555,0.8116124233278561,0
0.6031400563171003,1.6073317035838257,-1.3074512907346252,1.6395413020159466,1.5203443207155862,0
0.9873857785553151,0.002070367134109685,-1.435129458798894,3.2635008572413184,1.8031196740573447,0
2.2006032729167226,0.5212625578188039,-2.127420119176432,2.6351141420541673,2.4476888081849393,0
1.2779304621811742,0.6161103460501144,-0.5935188813824942,0.7717555169143707,4.235897304796938,0
0.7393198661837163,0.5892258124340832,0.16848214967535147,1.148401431902013,1.4575640315091811,0
1.6895588874397898,-0.03008361015402461,0.39861897401003854,3.910147152250917,1.8662480904142542,0
1.141348134070624,1.7634581395990598,-0.9149499067966098,3.4652266880997025,1.4032461052496021,0
-0.8025590930542656,0.39262551096837056,-0.8312588180835143,2.5150408875910086,2.4586751806555815,0
0.5699953837282664,1.048069067452436,-2.241475943318243,2.2498661113493394,0.9705343724490036,0
0.4062947079131485,1.1169966645331657,-0.9130820863936233,1.084011397448493,2.2085645927997257,0
-0.34441081180750444,0.06082513513244847,-0.9672919781956006,-0.9448802500376505,1.2865413184387537,0
0.5293917844575893,0.1416077552981384,0.6481065602234295,-0.40286486442361635,2.9004505788096604,0
0.21489265305356642,0.3809220074799415,-3.4452983755861304,1.4838431640710354,1.8216378396164148,0
1.368725075325008,0.2849924932751481,-1.260062531432391,1.30581367428739,1.3441866193748422,0
-0.45067471559823813,0.35356799977353687,0.0028848318290228825,0.14735380447655394,3.6047199041161937,0
1.0391685012903074,0.5196024593782302,-0.9561244882842274,-0.4256514828897945,2.7027376226120343,0
1.4388892223864387,0.5026480844592744,-1.0366802018282233,1.108764924732394,2.542043825111433,0
0.7765802335697041,0.2498144575250022,-1.7501227360169205,2.7459941141392386,2.615027503095741,0
1.4803122808235334,1.817888947978842,-0.6204134288249523,2.4996434044541176,3.7385639438780025,0
-0.23412641152468583,-0.25500537162048276,-0.3587619901763014,1.2381690941125947,1.3615206589126836,0
0.9794869323770194,0.6943633296405908,-5.361675179690218,1.0454946561735083,1.342738857984224,0
-0.6438295958560663,-0.40128104312375157,-1.1114908703885311,0.4452403219286182,1.9332739843094635,0
-1.8800560111714457,-2.2743332218303913,-2.9069227651641305,3.553591663242212,1.0641027786130908,0
0.6656462721502865,0.4241008578510916,-1.205844031558727,-0.8136126795111849,1.7840183863856838,0
2.3647464245558236,0.9754905206495614,-0.9370978242770398,0.07137431037948005,3.387754737462141,0
0.9740583146562557,0.8890875613340864,-2.0465519367146396,1.3179180183409986,4.229615520749916,0
0.9060059457876015,0.6762621267714242,0.451218292491504,0.32575522687187664,2.045264678557921,0
1.6864544431837651,0.14506459190515186,-2.2022751310263837,-0.9101622841825027,2.4124968638980033,0
0.8294361075164882,0.7899329773240183,-0.4281499420863045,-2.6135479870101825,0.983533523808596,0
2.2672325989602307,0.5727319250827341,-1.5306900003582302,-1.1499109408215251,1.3302076103893912,0
-0.3934200157749922,0.8413991393201293,0.0566191838361898,-1.2272748774749171,1.7143952141762324,0
-0.3576694144773771,0.7640247942016237,-0.32726772571691787,-0.979693408588324,2.0436469412280354,0
0.788496648302641,0.1354022723320657,-1.4999310721912744,0.3957811221491221,2.088292704341775,0
0.6074796335407022,0.19513438699715102,-0.5615712849613433,0.42740023494602064,2.5972266644048405,0
1.7449204461333125,0.8807323004617309,-2.7930574121392757,-0.7294216648766548,0.5290605004086788,0
0.8646912837541261,-0.9006858358016605,-1.8265086091532128,-1.0585440917880122,3.2351140882958553,0
-0.5853741473736246,0.38848190673883887,-1.39568156769771,-0.6060077579623583,2.38920513380033,0
0.7234893979801595,0.361969524969872,-0.6067968744337929,-3.862400056490422,2.9146179384316797,0
1.949692838827628,0.13774215853423488,-1.9664623862178754,-2.9672752009198313,2.142933611357555,0
0.46192422328456256,-0.001255435539319949,-0.836526850841246,-2.359173404501439,1.8260010738349055,0
0.8430986683212551,1.5290210898296972,-2.1549140825035593,-2.1080054566561097,1.2174977161155582,0
-0.02891575505207422,0.7200009788301925,-0.6373951226305155,-1.4232200200620384,2.171109601515608,0
0.541680364569936,0.7225653924475527,-1.0043657911692778,-1.9797709647445856,1.9343963786258989,0
0.8147426066597295,2.0960352501877115,-0.7711129861245497,-1.7992919751634704,2.4162146425720112,0
0.4521661599588285,-0.8817735846457182,-0.2675291282923057,-1.3073121330803845,3.5760968146849788,0
0.2507114695317358,1.3911399041320869,-1.1365969881373439,-1.1722889482088066,1.354352872910714,0
1.3924157959607044,-0.2164276929073521,-2.4750250900660067,-0.8070515845370894,0.7419919470272109,0
0.6654098107634397,0.06189200375164361,0.7292342124920068,-1.773247818653795,0.6708497663433768,0
-0.818496577347462,0.4475170793233957,-2.9948736212272413,-3.950732519383808,3.114311935867523,0
0.2791243552462328,-0.31074905331224134,-0.36747257898157093,-1.6565462197985816,2.6255146483936964,0
0.2685918811753727,0.22114364848526546,-2.2373979967917252,-3.030581765966616,1.9461729527950657,0
0.10054974947100892,0.8097391765358659,-1.5155530627627911,-3.71510790690691,2.2133413929457526,0
1.4572403661176034,-0.3995851293441093,0.3154446024388935,-3.638624251411679,1.54982103386686,0
0.4081959857026614,0.74625121694577,-3.302711759435112,-0.6988725492785743,2.4151074965102572,0
0.7676411459932951,-0.21521037703458912,-1.2493627510784944,0.4159369622366695,4.137123484443309,0
1.1194849389983352,-0.09634114629421708,-0.16926401147906112,0.612781998755549,2.2006341890412644,0
-0.5018702147670824,1.0633341927986764,-1.2485235516551785,-0.7446309241380797,2.570960740844611,0
1.068259073700518,1.9191931055931106,-0.5721008783030089,1.806024157100736,2.0616773974173763,0
2.430618808080773,2.3625245284390646,-1.7768586061665759,1.2233703720661173,2.8684281358116293,0
-0.33508368570004854,-0.40104634249342475,-2.393809241151282,-0.41389565535644124,2.1262554179181206,0
0.1673724146146286,0.8002797781708466,-1.0904765330802366,1.6715227978596818,3.2747842283097857,0
2.0289919103802596,0.903826470417074,0.12746609861011216,-0.14805626965269325,0.2916640481903212,0
1.0609596486931072,0.775497063740398,0.23061852755630574,-0.5115024379230604,0.3975379012467124,0
0.07639858092163809,0.6760956528270685,-0.5259022948325969,-0.32191468058598827,1.7739221328905272,0
0.36852219453885265,1.3500733043750335,-1.2849855586206078,-1.0464942712906657,1.7741932039994837,0
1.245353868950272,-0.07517653572426819,-1.0117123020916199,0.08217309172633103,2.8328626074498824,0
0.725686834505909,1.736374916674313,-1.4826830793263768,1.4585193516505153,2.3955035666946443,0
1.32649236238719,0.5416500556727132,-1.2403032083727281,0.9582262186159151,1.2983059317326084,0
0.340700591436868,0.5034450390430381,-2.0306924761213425,2.434267509414145,3.4738349271141393,0
0.6523487411113319,0.11227095295166778,-0.9493568185243906,5.022430539860243,1.9099953936090597,0
0.7295683115008992,0.680597702096927,-1.5076895034476894,3.795355426325222,3.1118229552419416,0
0.05979127645853255,3.223839133454462,-2.6414571563667075,4.04588793319893,0.9027765292059822,0
-0.010369837021489858,-0.2420599014292113,-2.2467845717083943,2.7691058195182685,1.5882401343808445,0
0.5290824610138392,1.7973102387584667,-1.904236597175843,3.4248667652959197,2.1683580549861077,0
-1.0242992612305966,2.245932428136324,-1.7284187569205254,1.1153796266895784,2.5693351837473024,0
2.2499305261792895,0.6484591247849277,0.7511190205305505,1.4616749321614078,3.687147431888018,0
1.276700195795704,0.4938031083073753,-0.0429880600068262,3.5341374239144923,4.024153126315997,0
1.0570410002866268,-1.3632674751249794,-1.4737438298685168,3.286080325891831,4.458655153171592,0
-0.11628585955437232,0.12901603423941194,-1.3542300736371589,4.226358265250036,0.919233576247225,0
1.2730712230651289,2.004986404727741,-1.8972612027229472,8.25852624344338,2.958554661149569,0
0.2988623823748589,-0.027694301518743414,-2.165297910331361,2.076313986618824,0.6018671833159257,0
-0.49548102235104163,0.7635086543014107,-0.7923661494321406,5.023301309614288,2.5949188209559177,0
0.6667442424876924,1.5218638420715225,-0.43120445148883424,-0.6918777218367216,3.12795043559096,0
0.7512891444405372,0.06351256126160476,-1.340582930231563,0.8094572941387926,3.27824859176478,0
1.4166239500638973,0.045879036963984654,-0.03602047776459938,-1.4790322259774333,3.1848314727870375,0
1.256972544839988,0.07159796055528211,-2.9707028345882645,1.3341094075396598,-0.09554349293286268,0
1.065832157737882,1.5498219349722673,-0.47894046824115355,1.5308538138603034,1.8930760563287017,0
0.5643092535739448,0.39750539005319274,-1.3080287687342589,-1.049991330665819,3.5862111994416255,0
0.3070357041379687,0.8417388735326343,-1.6084223830779476,-1.5793209945560474,2.1190041537799114,0
-0.5228887430831622,-0.11164605150404427,0.6470771678987248,0.8134942119142223,1.5805555644245888,0
0.1796113260413459,0.6775632413053363,-1.21080103939623,0.73117100738928,1.7317199617564951,0
-0.6170403571125427,0.12420742240553484,-0.6226322226753164,1.347599289178167,1.8995900398223495,0
0.4188078527809275,2.2151146150004513,-1.3929884001075785,2.476678596463852,3.388452031796613,0
-0.3888064162970031,0.3986796327179061,0.23097461593052393,1.7967590830462978,1.992999645394936,0
1.7272014669184592,0.36309364455640336,-1.6676796104636888,1.3701730081951824,1.956191701384399,0
-0.45134769053965484,0.6536527696931718,-1.4153084146848924,-1.80406506671937,2.0550942497543505,0
3.2132444089820167,1.908277390159937,-0.9794502710757569,-0.3144104734543459,0.6984337143867263,0
-0.07076094083164963,0.14945939797001523,-2.3033589442307494,1.0148969650651734,2.0835498735345395,0
0.9716881622735785,0.8730871178265986,-1.9792959206887244,-1.587315533451875,2.678626484770807,0
0.7770089110352713,1.6069929900792137,-0.2972016912538198,-0.03408331007510895,2.4850980505484737,0
0.7183366884621811,1.408523775745682,-1.5876823150259547,-1.350790847288362,2.4091094078929025,0
-0.9650462612003259,-0.46017211866286734,1.6149178757972664,-3.22546126535973,2.7934984283151434,0
3.3054565293861407,1.3379132304171457,-1.3826388016779203,-0.9983211487172012,2.4813515024901727,0
1.760372360687846,1.3033620084258088,-1.3311667428518563,0.7780069063089127,0.812326499811151,0
0.7938058154829594,1.7444691505293262,-2.2363108107093552,-0.6432272569499339,2.379555869111111,0
1.9276552158288176,-0.0036297328856133015,-0.5164507116591786,-1.4638638600097877,2.798535771903528,0
-0.48626633209544823,0.8387832310537229,-1.363290236822272,-1.1003055691471524,0.8736814980662186,0
-0.6238494045013323,-0.480554884123227,-0.5444937270639985,-1.5000458318711782,3.6553936923844996,0
0.4410590018484349,0.14474329190131063,-1.5005696826899237,1.7800133800093194,3.0057741337890285,0
0.828094969083747,1.328201691830194,-0.13543747646789406,-0.509320066928499,3.3253191575408163,0
2.082882358406883,0.45055188997742335,-2.1072878097221373,-2.5760834464317446,4.135618854787625,0
0.29799306874081893,2.0397888204547856,-1.6018949256824686,0.8192876669137534,0.4295153712446371,0
-1.246334478811477,1.8033585794233247,-1.1647591097043195,-1.2990961958377745,0.9913670983214804,0
0.12081302567053331,1.1322442659720577,-0.5502466368052976,-0.8359027449861202,2.878902168683566,0
-0.2646854014807166,0.5771365398153001,-2.30743752706592,-2.170823376745653,4.8748210869999395,0
1.6922897294972732,0.5830702831551109,-3.2417573170503218,1.6701711302927502,2.6211749530444983,0
2.1712857203634837,0.5059032713893634,-1.7372689917423163,-0.16135195595381613,4.079682368730303,0
1.3042959183815896,0.16563228174892614,-1.9791669377734347,0.7800315749738784,1.4447001045026955,0
1.6397535491210335,0.047743617835016905,-1.7331974650835456,1.307193010927897,0.6636063965444696,0
0.029008535644767797,1.356797543319109,-2.029136395372956,1.4935731396140808,2.3866297028638814,0
-0.7470306655501144,1.2998399544670494,0.37735359133238,-0.9694006455186479,2.730473974992865,0
-0.28219240963094616,2.1107212305503853,-0.6797719391985774,-0.9932984135921055,1.0837507349672206,0
0.1446381961496631,0.6470858726158837,-1.1075952480129354,-2.2916691039715893,2.6378065221629403,0
1.1509568590568713,0.7387250279468044,-2.040380986638257,0.31145268564824014,1.1617846282084887,0
1.5548342061970137,0.7490840231332193,-0.7193018651007942,0.8295120086581305,1.396609477649696,0
0.6474529890172875,2.433544134642627,-4.823371405723321,0.6073585018271049,2.517423920616718,0
0.7949042823042947,-0.1742472838994018,-1.8633936553112354,-1.255566651378231,3.3642231912035827,0
-0.7954182058205742,0.8196766674049085,-0.8227569482243383,-0.23008412746038187,0.17334632981566012,0
-0.3407037093180373,0.9322169139114684,-3.115866990507834,-1.7369693998611924,2.5166009302026118,0
2.167842953635536,-1.3425010998470028,-1.2423349553306844,-1.0096534027499962,1.7898335957602052,0
-0.06508090642852937,-0.9265625003356681,-1.4685565483703633,0.5053156067505207,2.5647219444691234,0
1.1816233307309232,1.2840620882456237,-1.05746470734337,-0.1776483287877998,1.6636682978022697,0
-0.6292565684114978,-0.49385828682145083,-3.4482103836511238,-0.28838638380029974,4.759620715849705,0
2.89775780467074,0.658580129127511,-0.6896557560646158,1.0842335084933712,4.331958796565266,0
1.2555327622567645,-0.7146733396364058,-2.2015244224826684,-0.16336824339892064,4.633867155691483,0
0.7676333246581472,0.9813648967487785,-0.8242500339688992,-0.8367462195881662,3.5075147478076145,0
0.5905014391699391,0.5717045413285499,-0.6303827891117115,0.655729407457869,2.8344454624140596,0
-0.20374696655335722,0.13282616051310764,-2.2902467220542464,4.849192432229832,3.005507111285826,0
-0.1952832346400981,0.5562619133933786,-1.5831838816099746,4.368757474841281,4.142067612013255,0
1.7965954177684298,-0.5474920924182334,-0.6867243092569695,0.8780655577415253,-0.6188686431179877,0
0.34494677913433464,0.27356504843256163,-0.6461637505269526,-0.19866043273587075,1.6113236689169974,0
1.0624362829974923,0.7979212577533976,-0.9429593488816304,1.4350332582047183,2.7906409604921203,0
1.1758172624302432,0.590288172802754,-1.2523138982624176,4.319009734240206,2.9039952735455627,0
-0.5406653178036557,0.04316968338492089,-3.617081239739383,5.869326261543881,2.183478406318962,0
1.408380897121705,0.02345290357109131,-0.3638295257334565,3.409844135025346,1.965271764671319,0
0.01410582868856547,0.5001842904442604,-2.6397599133922034,5.469570839510413,2.412817140601176,0
2.905146323238142,-0.6020438318652459,-2.202662487190087,2.187020960790946,3.1160246082802834,0
1.7320365741083257,-0.5642639452518752,-2.3429892753383745,0.9316897191698454,3.0150914383105136,0
0.8544972419135337,3.419315792433288,-0.3223162844084836,0.757970847456467,3.81636353949746,0
1.0288836041420442,1.0573710103611373,0.08760296580656046,2.038642565461022,1.7750277933523275,0
0.006882363689896254,0.05423275892234081,-0.020521859052298863,2.206724008788105,1.1588542828873651,0
0.19577421211739304,0.02745818054780097,-1.0277607961040955,2.245460152303755,2.57421266318914,0
0.8542440887586817,2.1650044007811236,-1.1798102773025798,3.26113694167675,1.0386371032152497,0
1.9598691346841877,0.25100831514538413,0.11559822075375581,1.9647600173761073,1.2237196005630586,0
0.7247800008426282,-0.0750365271434294,-0.4944475810415292,2.4304981967963295,3.6332454247097288,0
1.232267159384481,-0.09582032638692961,-3.0808897270393936,2.4383068011863593,2.990640853092319,0
1.0091335566696333,0.9574056785798046,0.21381708845713798,3.9751134469932206,1.7104499994984141,0
-0.16428015090015602,0.7120902218983409,-1.0686156225471222,3.137472866814397,2.0325419202875388,0
1.3096907313893709,0.023003183414961492,-0.5786568161046328,1.9991353130367744,2.932585248804911,0
2.0229045802049446,1.682433910363705,-1.9907943198210667,-1.5186017600887278,1.501044203356586,0
0.30312496467771854,-0.2791612702265871,-1.1448851667147426,1.5551152736747527,0.28439028808945355,0
0.46675293246151794,1.3690521402124414,-0.10564504035372702,1.1083842978786844,3.0605747644384818,0
-0.5682790744889082,-0.5011001448786135,-1.2074626899563734,1.1595092598973635,1.2259064490482814,0
1.7675972911498987,-0.2396653336689918,-1.261225332943615,0.7998597481143161,3.2312326522731114,0
-0.22281420112860717,0.4015508262010401,-0.3337444576894255,1.0040721117860456,2.902260605734578,0
2.143857259387584,0.23850414146224286,-1.0941148328709587,-0.29436408866171604,3.1460165376111826,0
1.2316979843822353,0.8436958993900201,-0.7676972815532236,4.951632657143604,2.782710430989592,0
1.3058242976277832,-0.44101178303318345,-1.5352298098032535,2.2680580276628084,-0.792436453066621,0
-0.8324061046431833,0.8115614586863577,-3.272889955516816,3.022290014267153,3.7654694869890912,0
0.17353640474716148,0.5104326774505384,-2.0771269381861877,2.547571970285124,2.7967471470696657,0
-0.7827019135835903,1.9799868258055262,-1.5359488884143042,1.1084070916033086,2.760619495281668,0
-0.6501797124748379,0.9296086666419339,-1.3120843857754756,0.22154732262897947,1.641945186947964,0
1.0628164435769358,-0.1383957067250966,-1.0325980109765456,0.45468201069227654,2.86582702365436,0
-0.021615958504944688,-0.9940366888792875,-2.143238578743313,0.9558849666069793,0.9759433840394185,0
0.38672332041496615,0.8177075367617992,-0.5962210335616108,-2.0370245611914237,1.289382875635812,0
2.0754680173817155,0.2921192689562283,0.2939661056713294,0.23323660843212346,1.1294452496920038,0
-0.24788972641745333,-0.7202517690430821,-1.5446985667049535,-2.8446957246626168,3.6328009977499858,0
1.170369965513054,-0.19763712921479815,-2.701163138991336,-2.4248449469730473,3.116388369726859,0
0.21200914161662726,0.9297062820066413,-1.7754764498205713,-0.19668310031635017,1.434825544719286,0
2.396042419013435,-0.9916240947868471,-0.7498815347101682,-0.5642522330414057,3.901598955313149,0
-0.4175675581406848,-0.6868093589441144,-0.6770348274361286,-1.8801086697433425,1.0228266051855113,0
-1.8588641776731807,-0.23324023266524263,-0.7057870658431924,-0.5317684730264409,3.5596421286762774,0
0.12787273713959912,-1.251511608783099,0.15508810152198782,0.27843383126214494,3.624946332041356,0
0.19926094984751158,0.3175302113742213,-0.3341451305248908,1.148839460451628,2.8365341046404247,0
1.5201936311322441,0.9923580362228146,-2.3216669109027235,0.32554119911829715,2.974392246301779,0
2.0007321206043986,0.21334696022972027,-0.21150423392632245,2.8585182549606993,1.9806130145726395,0
0.8896653959040017,0.4728916423005679,-1.2311988778630303,-3.1985598018124537,2.4609707133407417,0
-0.1655476219485198,-0.01811037583181252,-0.14830135703956016,2.6580515624543266,0.5611129567520019,0
0.963680021829012,0.10381468998280735,-0.5291900300842578,1.0279083029484677,1.713598777778648,0
-0.34641014566927475,0.8222361993654281,-1.5564437433344507,-2.548079670057115,2.634390353487368,0
-0.55498159027321,-1.5886097466227467,-2.114088150916384,-1.5379033189957854,3.704791776650592,0
-0.1923977082438113,0.47867450534675277,-2.9930300845557953,-2.7506575711554526,2.2986531909179013,0
0.9809382148898897,1.7213399392813549,-1.2994954227626099,-5.11318058808637,2.34502084878773,0
1.5862018256900154,-0.28970844479487506,-1.3382568930667569,-4.605636723363457,1.591231998015375,0
1.9245312910188486,0.8657814415743954,-1.9789691594200396,-4.190566559945777,0.410654770755428,0
1.0906992241159197,-0.8097118150927589,-0.5718444908659117,-2.916495893556493,2.0897203784090004,0
1.621724440276692,0.33181679225333893,0.015110123548015553,-4.83336579097331,2.187868750432109,0
-0.23387309762397313,-5.9312029477509576e-05,-0.02753704240974586,-5.590463074533682,2.2271428150574577,0
2.3724451458616733,1.9830067467260113,-3.009777145815775,-1.6384292805641445,3.4696822935555627,0
0.9489753201160318,-0.5199944336916638,-1.8883122282556253,0.5384940946423111,3.642354728186607,0
0.9407335442910347,-0.8695874420944141,-1.3425973660346018,-1.0902176471420209,1.8943506329227886,0
1.123208054912269,0.17444850122811661,-3.035522537596852,-2.4241788869497585,4.368432738275834,0
1.5277446218309232,0.665157145752261,-0.14808017321917655,-1.9505237287769104,2.101036724428042,0
0.7245998676231182,-0.37569336367138706,-3.1853372939459472,-3.1586689516846307,2.7871130336521395,0
-0.5466345101020693,-1.4381369392424348,-3.541917305159126,-0.5877672430554772,3.6523578332759405,0
0.8673144014113134,-1.1431079919398104,-0.12986098297768356,-0.657425788008462,1.7001839912666892,0
-0.6841630442804303,1.489820417774246,-0.7566827984453125,-1.7198186134673557,3.2213327950007553,0
2.4139313755809293,-1.7886723759908543,-2.2254803486531074,0.578107999273145,3.6713389400105356,0
-0.10955128176059237,-0.6291451025501777,-3.1255114722648614,1.4545465317775328,1.5118733129669755,0
0.07668231867141817,0.42775955424984025,-1.904932480081996,0.05445576006450392,2.280445440350365,0
1.009957760371617,1.5674380774161885,-0.3167886676627282,-0.4414376111316115,2.259242271669605,0
-2.9951879682151707,0.8041413412687646,-5.274750114642831,3.1639516423764915,1.7114505095558172,1
0.8328556972591088,0.18092312750146933,-6.418953355652623,-2.286831769166268,2.774367697620362,1
-1.4809759208720137,-0.7827014234661469,-5.478367787965623,0.20896835061565822,2.965585102502978,1
-2.8882675259898862,-0.5385872094634562,0.7240127583679024,0.5490445863442386,2.379053893395931,0
0.34979511206464386,1.2729188751362277,0.5838686634251977,-0.2159439934252737,2.149821558300819,0
2.0396712883436314,-0.643641078796899,-0.6666118156053249,1.4087946514514629,1.9528862193362195,0
1.4352311758849998,1.8826076537762189,-1.993716359430017,0.1898884140994308,4.0423409332004,0
1.0963707919919372,-0.5048500600245297,-1.5331199043282715,0.6174954200054344,-0.23086332366044404,0
0.20445842459947766,0.18693616986700995,-1.5394558135503045,-0.9482364545141954,-0.622659995087635,0
-0.8446629183652123,0.8256615747722549,-1.8385944113592823,-1.3128337614973464,2.0179893443828987,0
-0.8242280419097162,-0.5865314586121906,-1.2390055641707194,2.441649610157098,1.3158184354873361,0
-0.9584926319199227,-0.18744513394161505,-1.3092028377434661,2.6020666258475202,3.57234495624789,0
1.623505376656192,0.9351790330410288,-0.804202581631651,2.5205507728498286,1.368094002252439,0
1.0522555614944582,-1.9356884796770735,-1.199521803860067,-2.2703374059370605,2.069946382385282,0
-0.7497196599303835,0.6765058668684464,-3.2214195745474505,-0.6918476759718624,1.4658161085577845,0
0.32241758471790294,0.3182877267108299,-2.0552605332962957,0.16766849641294912,3.055429914358249,0
0.6172842119299996,-0.7237685195519319,-1.4330221575075752,3.6272623450394397,3.7666096873600607,0
-0.5561849360348459,2.101670729007533,-0.8010623603867183,0.5156708736981364,1.667856577859574,0
0.3698950169641431,1.2253475601470454,-1.891391150938269,1.1711666338697118,3.9898189748482205,0
0.9754580425066244,0.6940495804774895,-1.5977644950875134,0.0852271949875345,3.3210566995689432,0
-0.8641596258513526,0.29150401689205974,-1.6363766882546678,2.385301133227797,1.9803554598724817,0
0.43322353385373547,0.0647958147124588,-1.5521745140708878,-1.7139927780538213,3.554447259822302,0
0.7098252920759172,-0.29351372661433667,-0.4774530325692028,2.430225949605668,1.7466314004379038,0
1.5485994685010147,-0.8988162324600051,-1.0627742625220982,1.3127642501831809,2.564801609161631,0
0.2210525463340971,-0.32219253476916154,-2.2143192033125247,0.4097200936990082,1.6302770854377353,0
1.0032761115295568,-0.2026045734612993,0.6296119178956938,0.8663033945489584,3.3787358291815766,0
1.085372233929422,0.5209258886884958,-0.611193810867041,-1.9595856084702428,3.5861421318200444,0
0.3850340091027198,2.920233897407711,-1.8705682396651295,-0.47554216649477943,1.9795553680711548,0
-0.009988063482280651,-1.2130417704210468,-1.7677988745917155,-2.5252917547321676,1.1934029987216141,0
0.8325425690185443,1.2167943572660624,-0.5324594717264376,-1.6338219727272554,3.2538772156309625,0
0.07633048599613501,0.6111670356507395,-0.9113128598982481,-1.9643799888043683,3.3357016242734616,0
0.7392861790928744,0.7910925311096949,0.19620260288430802,-2.3189035857233815,2.7063084836007896,0
1.7401332527813427,-0.46107873040591996,-1.5137746105416345,1.4411480003251544,1.8187518194336754,0
1.1802777626990677,0.5213410545529211,-1.8180013580859768,0.42519141907412483,1.5035868687925094,0
-0.7179430182597251,-0.7011573214451596,-1.7120271084442868,3.9017512273635813,2.3983697832991484,0
0.6109586192194386,0.49049509194057594,-0.066223436487018,1.1674994306424407,2.173466423292322,0
0.6082519718970932,0.4295369902054518,-0.33147184420584264,1.4406737828824587,3.7220446612946425,0
-0.6811697406937202,-0.6538822451333304,-0.7241614574656223,0.9894412539249262,2.632242388217172,0
-1.8069312634930814,-0.03749087561199907,-2.1378773949938354,-3.0134730737195725,1.2183727651610086,0
2.0220503893342148,0.3112787293442811,0.3222826490412882,-0.8344044660973351,2.1408554368541797,0
-0.46933637106772264,0.31145531272881344,-0.47947836870736693,1.7556873771950399,1.0990266986873631,0
1.037005758549415,-0.8074212020683438,-2.3828045054278038,4.014658678872976,4.084549670224405,0
0.762077630824958,-0.04373728798750992,-1.092683108655443,2.3114224013884064,0.8856431365561668,0
-0.41087376331831893,1.137202854208599,-0.34161727902052474,-2.492123871270859,0.5525113911699631,0
2.025239813755249,0.2647283198063478,-0.49196165884398835,-2.6999176955270743,2.680688333402947,0
0.9937488863639368,-0.547742923886203,-0.778495766821522,-1.3496796648682716,2.5180222658930362,0
-0.2584685357239962,-1.5520289702281986,-4.210607128324768,-2.004807294574878,3.4585838309599386,0
0.30974559671359886,1.7020790894612616,-1.3159486687733304,0.8818950585332228,4.48224740235926,0
0.06947413111692224,-0.9577325027718733,-1.4000024148077845,-0.18109267923003108,3.6581763619750465,0
-0.9392665579646744,0.17799782049849627,-1.238828651648624,1.5307860489018839,3.2504582687179355,0
0.8166156869877413,-1.1505476982450784,-1.5071148896095221,3.059377892608593,3.3725291219217803,0
0.942795523247123,-0.4494297413262064,-2.3380289481726457,2.149201471628973,1.3054946400996286,0
0.8437822689603555,-0.6675852451102782,-1.5246272581673939,3.237835978914717,3.521631274495518,0
1.0544053714489925,0.14307280221521443,-1.0568341615412566,1.069185837083816,3.2716313409357745,0
-0.17186183300090085,-1.8966258993386247,-0.8133741771264907,-1.7184534215136602,2.5494492026808695,0
1.232646114107371,-0.23266193143658148,-0.011249276404368569,-2.1787730898546753,1.1877686848344564,0
1.4856685169056973,-0.24395173866931008,-2.4194961968890416,0.7227606658494891,3.405844473641265,0
-0.513598668457592,-0.25773479190441145,-1.1838349415476246,0.46740983519650947,1.3893049028205793,0
0.1991185969429669,0.9782324540604781,-2.6800198425290205,-0.6646377767713829,0.4661761111994307,0
-1.448422209096548,-0.5934058855048622,-4.906709739592689,2.7681310232586194,2.1560547809805057,0
0.46155761927071826,-2.618072386988423,0.11870406538318079,-0.09296842819132412,-1.785142865090254,0
1.8103643634638908,0.1628467351611091,-2.034011757494407,0.34289973768341286,2.622559653859092,0
0.7587078389089279,-0.3030141474515294,0.9742808130728824,-1.4134523526338318,1.3707961448293964,0
-0.40317203523745193,-0.18310996782122363,-1.8923768775448166,1.3920337740729247,1.5177937914812514,0
0.7661841287464916,-0.46652449160607123,-2.9267213057794716,0.9954044581047223,1.839030966427727,0
1.2910857755257534,-0.8394624581049106,-1.3814688863458164,-1.901915947120758,1.5247993296821107,0
0.5451537133308175,-0.20584736412560167,-0.615039563502579,-1.8256775139010901,2.5971823963015592,0
-0.2824957936139937,-0.06319010641372066,-0.8969694975352993,-2.0818688787073887,2.5388284350727686,0
0.35358673912254984,-0.0215564843044824,-0.7045855418926107,-2.676865756773706,1.587089796834291,0
0.7695150601089116,-2.723686728520311,-2.439108407824052,-3.123140321430658,3.4497223632400966,0
1.5580002330104288,-0.022809871104898363,-1.7430212018492846,-3.5552531248364287,2.939976529649906,0
-0.15378820578459385,0.14476622481578683,-2.1840649993926506,-1.9340561880270943,3.7311907348732056,0
-0.005402464596845791,-1.0252308287411567,0.14667061581731033,-1.8762033965717428,2.9961639570972336,0
-0.34673580373184465,1.205044248957733,-1.1162976492214327,0.5862483175128909,2.6275922779047582,0
2.0172038178340435,0.08739827483426175,-0.6112800621778164,-1.0368153705391923,2.7805423573729966,0
1.760176808682616,-0.7424275519984664,-1.5376992059703398,0.18722243126643878,1.4558573468438185,0
2.0721375564935265,0.7847939977246925,-3.0505059192800283,0.43061469030837074,4.313662980503802,0
2.367867374340568,-0.446320793453776,0.2736577330009078,-0.5602480399376459,2.9754170347521,0
0.17590158102547748,-0.13058027965822422,-1.10892581457439,1.0742527371738042,2.215413080170734,0
2.6023878325802934,-1.2129989740642504,-2.718253996602531,3.7524797612354766,3.8627253182586525,0
1.747103962815907,-0.9724366162456837,-0.9300988671981216,1.7075448044654524,2.301385915974467,0
0.9515678917092469,-0.9055254250475994,-0.5593698243460687,2.9782694572301445,2.3042452713740516,0
0.8040322420534965,1.9626770685877428,0.5210327619865027,3.6137058013774737,1.7556708401243104,0
1.4080458257363224,-0.05220699987344736,-1.8679766879353439,1.5591990557976176,2.751783545618396,0
0.4495392389690747,-0.11160846698474194,-0.5936090048320077,-0.04910494608531024,-0.20946109515786127,0
0.36620994887608027,0.18771893286914715,-1.5433582405856605,-2.0366827115905197,0.922170543867989,0
-0.3587242146372467,0.38761101524133773,-0.7352975352039756,-0.5286161961453419,0.2141123905220259,0
0.20555139889724044,0.08217304163811462,-0.7616575384114456,2.8631353890800124,2.4688137495334064,0
0.01444346015907838,-0.6313375433364179,-0.6888793533596039,3.1959830852323647,1.7480850702539839,0
0.9955599692397379,0.9197502530263312,-0.6058175592579038,1.71530260340595,2.165848142402547,0
2.429649184256519,-0.6836360882107654,-0.6860063263452614,1.59833712494342,2.561144584436727,0
0.022413326349464358,-0.28075967584341877,-2.6713059969861135,0.19322045258735931,4.138976373207624,0
0.8261916191751075,0.911483534054539,-2.0181222134418633,2.3409355116347457,2.2454327743326785,0
0.7999870908872206,-0.02020404332630845,-0.5183955678300252,-0.4893256669936559,1.3262937230594665,0
1.2930639084418014,0.5133815996735058,-2.0328986188173293,0.11584801005721346,2.946515794445914,0
1.6279797846077573,-0.4632941986699234,-0.857162569707484,-0.1694082024494563,2.681346724450141,0
0.49712383279210276,-0.6753888107572289,-1.9813477255426246,-2.832747737049767,0.21557770462383186,0
-0.39041137093569,1.0244895487571921,-2.6532288098554293,-0.5763614005853601,2.6855991974268143,0
1.2310376013000512,1.3681377851099286,-2.0340692105466456,-0.29408040160860005,2.846546668142035,0
1.276340300375888,-1.234396186722995,-1.8637972962369171,0.6824889359158758,3.739054146987243,0
0.4798707266364137,0.5715062368717704,-0.8313318928332271,-0.9251217729224639,2.872985431725633,0
-1.2431375338553294,-1.6250703081742879,-1.138503399904697,0.512979615588933,1.663742458812845,0
2.5557361244215944,-2.44079708752876,-2.4257797466478923,1.805744916105027,2.9417720638286404,0
1.307651160236685,0.6113468796427102,-1.604276077015277,0.8665712564801606,2.762136742464105,0
1.2317547053828806,0.8753906236396847,-3.27850206723513,0.9250655765156917,0.9616248460401404,0
-0.4753422213089876,0.7461468044545174,-0.32005412437198344,2.328063024492769,3.489764763520657,0
-1.1425782173473016,-0.7865806356663451,-0.6148081173159403,2.9988665257592713,2.4482564596240315,0
0.4242049286200262,-0.34468043226970435,-3.1427107910411616,1.9040286571212506,3.6356817943069704,0
0.27504402173613085,0.4569536250189708,-3.207442066494959,0.11515380645830575,1.8372792818702595,0
1.138231804562324,1.0749576691040441,-1.9607583593830227,-0.47603040063185675,1.7066005301036202,0
-0.5810915171085819,0.6249808520981984,-0.8205110495367737,0.2339259894793111,1.7103593296549124,0
0.4768687144526197,-0.5974117713665869,-2.3859518570190668,-0.2823671432698016,1.1980478965521302,0
-0.4377359776163692,-0.3538435161099472,-1.4118311962916643,0.8509933399138475,4.36712224150743,0
1.1719133245403661,-0.21390063714539953,-1.8034914339690293,2.2629162983462896,3.8186017097570026,0
0.65741120800657,1.2687768560015975,-1.868350655652944,-0.3527264196747253,-0.26329953380037274,0
0.04095335488472607,0.43341436795198623,-0.5406470800201547,1.09764126921328,1.7060456202134557,0
-0.41950860096333664,-1.2770168272275106,0.04296547558660602,0.6076297834648979,2.4868177926443624,0
1.3297823270388975,-1.0309954983226277,-1.5545456642948976,0.6950912940531488,3.721543138068457,0
0.5724475193865213,0.5890825675551601,-2.7339489262838454,1.7253550453617694,2.6412591592834067,0
0.8339279313340946,-1.0123503719762585,-3.0701439131012904,2.637844198441236,2.464933191627586,0
2.8721864745926684,-0.20084981649279673,-2.330144495044898,0.39509999920077066,1.105553734844178,0
0.1476730979476974,-0.646616462363452,0.13812112974233504,2.198723592861237,1.8417544934322292,0
1.3294094806129495,-3.3712190229634995,-1.4428330635565647,2.8593162228832485,1.8185266031418612,0
0.04324761689632539,0.10853471386325769,-2.640107619187276,2.7718101758405447,2.372104913300629,0
0.31064399232338413,-2.559960515148391,-0.6804290128054117,2.4761698224129214,2.9300527533988157,0
-0.8756595965878837,0.795621798560372,-2.2073378812105195,0.9208258599866859,3.0750151404996746,0
1.7594332529207435,1.1279356338626054,-2.197970475929236,0.5200619599811869,1.9861625213600642,0
1.1144391511774732,0.7613801941939942,-0.6227950828986938,6.097396523769854,3.618777506869593,0
0.43995199427942755,-0.12084880939714095,-0.218892296319128,0.17008600591466405,2.9077902086129743,0
0.06781228437655451,-1.7157229193115442,-1.3215672943288628,-0.5308605124393342,2.526301394766991,0
-1.0703984162038658,-0.5356893817929442,-1.0851526472968667,-2.302964343801115,2.6372798809266977,0
1.3542666326783452,-0.915107433929555,-1.5115195618640462,-1.590383643505937,2.0349760276864197,0
-0.021675855861499893,0.2421439333183213,1.3127222726566836,-0.19261639661418484,-0.09326320026567281,0
-0.7325034343088423,-0.16578247198677817,-2.683365824777474,-0.5285647079106262,3.8151962561314248,0
1.8112538330864774,0.9940103642146776,-1.1861930778533438,1.7926283588620244,3.3222173964448607,0
-0.5197635918298775,0.27864814892082956,-1.1983504812871832,2.55038211707997,2.77331963881086,0
0.5242742818731573,-0.8266219296275344,-1.6356154652004822,0.8864257774889984,1.8568836685493602,0
0.6076556309651118,-0.23931711386169668,-1.4776397519399591,-1.942242503609758,3.7159473102974183,0
0.7371629811987542,-1.1117535375301122,-1.8150914947996668,0.445574371706281,1.383416811428001,0
1.5282139322036903,-0.16534742289404347,-3.066381743378251,0.07947474582489489,1.398298973271247,0
1.1863837360569343,-0.36735862587507573,-1.7574806492608315,-1.1855545344249734,4.079309265322655,0
-1.334820802558877,-0.03320962310545185,-1.0251948125429355,-1.1712666219797363,4.216803295648802,0
0.41797067762983925,0.5695544615431396,-0.1932114948822774,-3.8299139882839315,2.318963396699555,0
0.03018451150716772,-0.31609983790811746,-1.3757194254422551,-1.6916509550510208,2.1229934960775623,0
1.540505248117428,0.29608828057838843,-1.0598313804555095,1.1899678793977633,1.118778925966485,0
1.3262881420152466,-0.03616791455886759,-1.4125428932474426,1.7757312535556993,1.0222314116433437,0
0.7364641394050067,-0.10678113382638946,-2.355753940352637,-0.14090642193122582,2.8536867230569656,0
-0.2716855705933656,-0.494671250253229,-2.134331310300129,0.06656577763039173,3.161033534884078,0
-1.1621053793737057,-0.9111613732041745,-2.2223789937351928,-2.5224111517171632,1.7485215616894705,0
0.43247775757714557,1.6667565443174177,-1.793156952911731,-1.2739903568697057,1.587256743216276,0
1.979983279961643,-0.17983140656256366,-1.1050472379784253,-0.25777044191120735,1.1299913193952915,0
1.1483837456828057,-0.01879894498469087,-1.7547192184188394,1.8400328515917692,1.915324045029781,0
0.15585374424440507,-1.4437009450480536,-1.2882142653739266,-2.2781315305294005,4.459544845454706,0
-0.8812945536299713,0.7126871041364173,-1.7710091340762606,-0.48252424376796876,0.4179379283508444,0
-0.09563846342722904,0.8052577629423108,-1.3759240229794758,0.2308834473496858,1.2688465432531308,0
-0.3886319111377138,0.1329584379491529,-1.727424217496353,-1.2722616041043129,4.040891591429968,0
-0.7762247722778831,-1.4879258169892158,-1.5944223827947201,-2.2799560030460606,1.728733390537852,0
0.8688940213442217,-1.2411300929115177,0.11193866728808555,-0.3615071501575373,3.6752824454491897,0
1.0489486415499503,-0.9482293115408393,-1.4071852821090323,-0.45101488607387774,3.051666022003957,0
0.24511757384023736,0.8651828690664796,-2.0385450656645765,-0.3059484920518818,1.1092138947493868,0
-0.17973230307678933,-0.14727320000649763,-1.8925444165184337,0.8206689001414172,3.531130747405909,0
0.7720497303114078,-1.9798380370639386,-0.24511559423748808,-7.272943461097206,2.522196833893782,0
0.48525357360453214,-1.252796297364856,-2.308199928287762,2.0593572254874593,3.890449686970295,0
1.6151457327139322,0.6188837693373865,-1.8239961399052258,-0.8491484410207459,1.0788040902708025,0
-0.3129433403170092,0.4371018617571525,-0.30866345722217137,-1.424443219334551,2.678904972199094,0
0.6674237640931194,-0.07424790350937951,-0.5588519890025088,0.0710868685800029,4.090548390812987,0
0.8266396109726187,-0.08860962140692764,-1.645152151741901,2.821055515861092,4.96170116016852,0
0.6775203803503044,0.2481621069085188,-0.7368085718141798,1.2320930021964918,1.316525469079954,0
2.292530241050755,0.0011034608188648098,-3.582612191306734,1.7647697129126594,1.8376388766960026,0
-1.4909041675893007,-0.4734853750536586,-2.4945806113771196,4.2529278304250555,1.7118783819907812,0
0.17471848907112159,0.051330056584000305,-0.5718664442575834,2.143145657738039,0.8147591771094136,0
2.134958570851922,0.4984916731337746,-2.875068470594676,-0.0010379960629820495,2.8057296378909102,0
-0.01930033112110896,-0.9006535906728437,-2.3631675896874955,2.956547953013422,2.632438909765964,0
1.371721133680181,0.35067651459398574,-1.439492568490015,1.6344006891108855,2.0502962527626667,0
0.7097371548116087,-0.6841957610323033,-2.4057285021394623,0.5845201509625959,2.8153867488525366,0
0.1859149981349547,-1.2039040525859843,-1.0740565338658934,-0.7351120538929723,2.8354488815185808,0
0.4616643223710657,-0.05408621341719225,-4.254540405938951,-0.13375395629872844,1.8490823122376465,0
-1.00777261541413,-1.1656555748566726,-3.838075923425129,2.943395457918279,1.400949956640599,0
4.505239564543547,-3.083535946142912,-3.5120489871798592,1.541042262854317,2.7937299009394123,0
-0.2397669714228181,-2.8807019689352633,-2.0319940086779,2.3017084378707415,1.4234460944814946,0
0.5930223789781127,0.5543127748573089,-1.1268363787688724,-0.36905203360975514,3.701576502276702,0
-1.3446438884251022,0.24807179985406885,-1.3458994536310385,-0.7763745093295855,0.8306575211819702,0
-0.22096991719894843,-0.3263629526532096,-1.7280056149688723,2.2468198983240155,2.1099299897678154,0
1.4334213421949178,-0.7854482132756205,-3.2712788411586726,3.4072267543646357,2.8778158986484974,0
-0.5208474309385769,-0.5256433738853872,-1.9749086193983025,5.3261029042768016,3.1090714113099196,0
-0.17440635327929754,-0.4749649137026008,-1.0651556766255474,1.0249410270185577,3.476290892840792,0
2.999640832028809,0.9639934958849148,-2.308444267932868,1.2119666360382648,2.0109415513657507,0
1.823595970784965,-0.5155799468796458,-1.1046905771275068,1.5501405008941678,2.6742610960873616,0
0.05634287745353761,0.8020425902075419,-1.3433744121815734,-0.1675726033189482,1.9802946948419442,0
0.3873135140616514,1.6918233908764142,-1.8052692053570933,1.2705724048788813,4.140173314692757,0
-0.5224494553395507,0.13429208318373892,-0.9616115882973624,0.13452089442777182,1.6640236715601526,0
0.9693579008112441,-0.5598460333472903,-2.0226038932207073,1.3324993207990161,0.7970276645584942,0
-0.6132232243457902,-1.1551665351134848,-2.2237651115801027,0.8202723698947396,1.7192581052167912,0
0.6568493980138318,-0.6481552473238942,-0.9510812726075056,0.4501809845697189,3.1760772853818446,0
0.5509187688167002,-0.7568211599982619,-2.1227808592370305,0.47661532086824354,4.252208783470911,0
0.200205326873378,0.3037230173175598,-1.250166791048609,-1.476814294626179,3.6990658650024835,0
1.7867184188643308,-0.18041930132405673,-1.200159047723548,-1.661100662693016,1.8602242588027298,0
0.01454184879255993,0.4375829472559646,0.16496612711427394,-1.9807364498559092,4.81048760864557,0
1.8799939256907368,-1.0195976506979236,-1.5540716085291881,-2.2998451616974767,3.873474961674381,0
0.19862247405954286,-0.07440469875580055,-1.9479006110633525,-0.5303325135159255,1.9403803382481324,0
1.4623658368794519,0.020213757725586756,-1.4305522753895648,-1.9361747747699,3.279968896170822,0
1.8581942988672693,-0.035542384625426526,-2.199660285614382,-2.5123050464731733,2.405973978956375,0
-1.96714899438934,-1.532062598063237,-1.5559669642966876,-1.9259816697161298,1.3376223451717952,0
0.845699868505271,0.27874353134189356,-0.05330912910869112,-2.609154333579656,4.324200969522348,0
0.18456771288005303,-1.0080060809414204,-2.2693155094434982,0.607348907075727,3.7350430419537464,0
-0.0918701702506084,1.0421660957598533,-0.20003209919595566,5.620678839752773,1.3649809085165128,0
2.098493969645123,0.8026553721457754,-2.315153252020183,2.4217729308024616,2.2000822280325005,0
0.7354014511443493,-0.6639513079093181,-2.6752477148149394,1.3773335705814773,3.662081188148914,0
2.0295736082127562,-1.3589848553751063,-2.932640664021339,1.6099673955163714,4.551982036603629,0
0.7197988088983029,-0.062278561572307434,-2.4919965424898134,3.6913749500650592,3.8313469288225246,0
-0.1971670990396588,-1.8115737298136867,-0.903212343050892,3.79422523738685,1.652205450996599,0
1.5204529262955269,1.0919268086107912,-1.923415715887068,4.947178755201098,2.0500702111542033,0
1.6227406647475116,-1.0165444460510504,-0.8753053912916965,-0.8548566658048948,0.981186456649279,0
-0.011589978077753305,0.02133280260605208,-2.2628212946188846,-2.755552032456157,3.9047927205024493,0
1.006624676456782,0.9151948677989261,-1.4193804750026617,-1.5112051896218723,3.996765888551263,0
0.3133728750616197,-1.6580701928668586,-2.8728223852635213,-0.3956374437782122,2.4280774629567885,0
0.11520303206023436,-0.02339711316811932,-2.2802870648421254,2.889378679479896,3.280336904385411,0
1.9183985186628223,0.8111441505150276,-1.2589958619543125,0.9118894995564324,2.6996452895290965,0
1.2598388839504304,-0.07060793198139703,-0.30145594675840504,1.9791472953648852,2.301899070746266,0
1.3684236892322765,0.3241074609429164,-1.7519777236617688,1.0955959643424555,2.9621533687884494,0
0.6488291588884123,-2.606401079057825,-4.382843062821404,-1.6254141239796949,2.6469936145962896,0
1.7243495590130764,-1.7249749550773676,-2.019618406895309,-0.5968544215538626,1.9914321753091637,0
0.7382713523986637,-0.5905154838057122,-1.520813909557851,-0.8615580429349098,2.800267859993966,0
-0.035596645317806264,-0.8542144371317795,-0.8031296695063559,-2.22468478011568,4.291129332377079,0
-0.5437579323255852,-1.0045824331672941,-2.2448399900641802,-4.1606918190942945,1.621527001399302,0
1.1581942231214022,-0.33771393562503965,-0.5453016215425863,-2.9888684736829028,5.19027193983467,0
-0.13089547689384906,-0.4149968617008097,-1.1578504877316893,-0.0878767366098212,2.212855582330159,0
1.9799758999343642,0.6694790560810291,0.5446738147796757,-3.152416266304579,2.36460937328298,0
-0.3546955501731379,-0.5612353851933969,-1.429526377287869,-3.2024306799826574,1.5661632903033027,0
0.9038680494638652,0.4042651247758404,-0.6809742283259975,-5.220190975309043,4.0136020972949105,0
1.0324105650780209,0.895955537580337,-2.7229060441933854,-3.1207278861901844,0.5505021034095092,0
0.8378849247219546,-0.10979457837174916,-1.4828338196308402,-1.7051000278216868,-1.3523554104041966,0
1.55426027823496,-0.21176379140449253,-1.9113560680563535,-3.4811627034836343,3.784402048797017,0
0.28262934967709885,-1.3248819848809192,-1.6540068081910622,-3.3979527839873187,3.439152075350491,0
2.0958978342638934,0.37046364252055286,-1.9584748990417131,-2.1858079600271445,4.012856915599944,0
0.9473782177736596,0.2814487125101619,-0.9036527421466758,-1.6299659830834037,0.931404542900929,0
-0.36565116147678944,-1.3292577398210428,-2.690923372315762,0.4541426581386877,3.5590901834583413,0
0.12348945848709914,-0.0020825760457522935,-1.6967681311101508,-0.6845547302371628,3.358024408683149,0
-0.9443689061753153,-0.17646816144679273,-2.8208727371888895,-1.7832240115578526,3.109939048587357,0
-1.2376936974483916,-0.4807410293737927,-1.8279198926841986,-0.7200910995434096,2.3360619262327895,0
1.643958151409521,-1.5380218048637608,-3.346356794923685,2.289438167085693,4.088782155311123,0
0.9969053976398189,-1.012045237252936,-1.9437557944766697,-0.3137270057286611,2.5102367475018754,0
0.5206784499417825,2.075406307462883,-2.427266815875005,1.674710169524945,2.60041561351251,0
2.6921002214856866,-1.8127074343234864,-0.1646220540979686,1.410050152747326,1.082525044696835,0
0.8309534737987132,-0.8571086758096261,-2.1877920366574575,0.6379197575902922,1.2398682192155384,0
1.1654001006490908,-3.3337432644167087,-0.8784643327644815,1.5531970448158017,3.2066861230471773,0
0.571861202964327,1.2223825892789304,0.8130899419456386,1.483864346282544,4.211788131618691,0
-2.4121484263864614,-1.0034003452487925,-1.7752769601715372,2.060980282236061,0.9682859433518383,0
0.667930502793141,-0.1603417475891069,-1.4324312806810398,1.5683961056103122,2.907194949804425,0
0.8834881818581528,-0.4254618318992761,-1.1254778064806434,2.094135742275831,2.441439446763221,0
0.6785107705050563,-0.0609037866094807,-3.663309621898533,2.719264259101295,1.3938450246456706,0
0.9731226404763496,-1.0243212208957517,-1.534390332789392,2.2002757718627404,3.5367796647853105,0
0.5647823602368762,0.7436195418437022,-1.081981490088204,2.6905078312483193,2.3475825859843877,0
-1.0174072152401235,-0.025935271718584896,-2.285088818693105,1.656022537788939,0.9164720930700694,0
1.0603093415460974,-0.7102009360445681,-1.9378929300967735,2.8851853605104294,2.5523650569335032,0
0.6630553802040009,0.7026636511954998,0.35596242386137367,4.632004588022754,2.4953738475465337,0
1.838433113091238,-1.5813519143980754,-2.380313421526975,3.127337627385587,2.008234288295318,0
0.12847091446729342,-0.024034300924888174,-0.542483449244622,2.240144482501848,2.972833666215257,0
1.4635548586914848,-1.0843682496604783,-1.7414678689284677,1.2922931319589597,1.9956187589375327,0
-0.7508397843018411,-0.73894468150173,-2.8198609259123133,0.5045464610727872,2.7910984149390106,0
-0.04569488209144068,-0.17342725604919645,0.5460689256809927,2.2754000430802135,-0.32066104400405804,0
1.1468240131817056,-0.6847929638855799,-2.720568217184522,5.170292716812078,1.9237186909681954,0
0.8955848413667835,-0.5092460066696705,-0.9028349593409511,-0.3760474792622146,2.221086829498169,0
1.6566525348736525,-0.23532225569483226,-1.7712242985829885,1.9624709373934666,1.716717464654638,0
1.0270441061642697,-1.0467469282102457,-1.7494740048537607,1.5452904823838371,2.1000531691950046,0
1.195238052028896,-0.2206925183860889,-1.4316574071439496,3.1932062059943362,1.3025625437230366,0
0.6094837145234266,-0.030690812861281835,-0.7958223483716554,1.8867232167938557,2.1621124786615895,0
-1.3238345190840617,-0.4214558329047815,-2.0516107474102183,-1.5126818218821099,3.8648798580589228,0
1.5445975815354611,-1.181580075038102,-1.043073777852144,0.4519275295687404,3.419801094737921,0
-0.3302185134641915,-0.8201224071714839,-1.0444939233750965,1.5132784416529477,3.619835965737648,0
0.691017414205759,-0.7336808534175683,-0.654597566612453,2.065336861886178,3.327942196763985,0
-0.022970495937183477,-0.31599686804959615,-2.5430315627468194,2.644132773827858,0.9825222888604921,0
0.3168265565601754,0.5815599416554045,-2.2653132896361328,1.8245540060571483,3.4450488583118397,0
-0.314925736063874,-1.9155054340590985,-1.5367678144110763,1.5973255678980924,3.1933825952202817,0
1.3870192635231602,-0.2881712877751355,-3.2581270062400454,2.951198914400643,2.5211541717907355,0
-1.1192707163859075,-0.8216236184383441,-2.4986696528745385,3.0052795248987048,2.4491446439986886,0
1.3065586948311698,0.07185904931137377,-0.8360633303525198,1.4000430913890176,2.349082020037504,0
-2.527717258615419,-0.34345035558085646,-2.9778092574207475,1.5106939275148312,2.1169205590493045,0
-1.817574312365668,-0.2211751248107267,-2.0167401930772137,-0.23797962610483037,3.389205810307536,0
-0.13701609908789092,0.5918089173743881,-1.31365095083324,2.493328053388316,3.1383661634722033,0
-0.09696404137866865,-0.20555162190183868,-1.222977399800674,4.367693902461017,1.6072255800193012,0
0.2552237350539144,0.226758413766316,-1.7435157320968515,3.246061092323792,0.9337304159921809,0
0.49807426382785214,-1.007298108025374,-1.9666271995402056,0.6384451121885075,3.5074809898271124,0
0.6240582154352631,-0.353837829558153,-1.7828194311407515,-0.1214616455142713,2.3577130204393772,0
-0.4349875935935087,-1.4904263304079008,-0.3361178334958146,1.5949023132024411,3.3761448844741615,0
-0.3792569194038178,-0.06044551763178052,-1.2099786671405774,1.8422898947928894,3.50007570360309,0
-0.3676427692416,1.1711829006740815,-2.3023399841814047,-1.2016128064571636,1.9284180005093392,0
-0.3970095927509134,-0.7928062160292347,-3.8575228102858854,-1.0545992730613856,2.5422778634002503,0
0.3163512469335897,-0.37456480178716967,-3.198127751201888,0.11053744676308169,1.2999845842694127,0
-0.010178317994993802,-1.0487908983520067,-3.2874256678897105,-1.128046042943093,0.03190663777255853,0
0.16026492313310442,-1.070844121167944,-1.9048706683488064,0.5831883355501063,3.7227232426498422,0
1.6294386489850123,-0.39293680797134833,-2.732323853825775,1.9614324352317771,3.9852473583311316,0
1.4329819989067916,-0.6816305612065107,1.7784467880316983,0.3287698575611915,1.7359276370609993,0
-0.5710027667371772,-1.1741540898247147,-0.09621892313131908,1.0397272962289925,1.9125726079964176,0
0.5112852239623134,-1.7078388893033676,-2.1031817441325913,-1.1884261530716471,3.698580637079083,0
0.25399320060205355,-0.8869120239743282,-2.2504236105877236,-0.6757807187494,2.250607274540986,0
0.23000971148475158,-0.6124798162795096,-0.8466154350638795,-2.0729226633619744,3.212383307351216,0
0.8043420782777061,-1.2379960624199176,-1.0914661711834657,-0.8142420825708171,1.5018325699537516,0
-0.44587377466069156,0.0264710007042388,-1.009744272035523,-0.7843741120754418,0.13668104534920555,0
0.26635586657873206,0.5552387336549949,-2.873186185079414,-2.4684903267715663,1.5071932045983836,0
0.8286280941366175,-1.0287878351737958,-0.16215892094000783,-2.8340809684252317,5.253045199302949,0
0.2932416002774261,-1.7544070016770195,-2.0508639315444643,-4.873293504148103,1.6563801955422217,0
0.38234393349092755,1.3085505680456553,-0.6070655952372943,-3.026936886268648,1.109277099455906,0
-0.4242997203106005,0.9978419920148176,-1.6789316092984714,-2.164873492569437,1.9715566937814466,0
0.7510225363069675,-0.7263474397930645,0.3083030801083535,-1.3711519808351191,1.9830743531072925,0
0.2369001641462785,-1.4335412745739111,-1.9613851426884488,-2.9151156844095665,0.77576282390764,0
-0.08744411573780841,-0.680558597879553,-1.845414076722037,-2.547114531221044,1.851692884412632,0
-0.5372224826531425,0.6318064466357727,-0.8591490964227174,-2.5613196721358635,3.794997972598858,0
0.3038640894646245,0.7195557081714301,-1.939896527889445,-1.6390014085959481,4.304599814116802,0
1.601275943932174,-0.7580358049923672,-3.3378255100326513,-2.0196885006129675,2.6566566958717677,0
-0.32165239086894903,-0.22154355280279941,-0.5045415591019695,-2.3249573504401573,3.554428099939264,0
0.9245137779937442,0.8422906083946347,-1.371180693087346,-1.2492345935158595,2.1944668288924607,0
-0.06711895161784198,-1.7747314437047426,-1.5330355062993815,1.6391088692853863,2.0446050501393174,0
0.5743171116132723,0.14976670838410888,-0.5007072238598087,-0.6451844778350135,3.539215671226793,0
0.9812997067646344,0.039716567656142066,-0.9280379252909908,-0.7102114088277757,2.5828662853622313,0
-0.44754397719356875,-0.24184062449588645,-2.5564072308170376,0.716740252877056,2.152459105595676,0
