Sensor1,Sensor2,Sensor3,Sensor4,CURRENT_FAILURE
-1.713257269264613,2.5208852587055883,-2.3078494791592927,2.5286694472501376,0
-2.1500699649133184,1.4407572883760098,-0.11764651954228134,3.1625208636438535,0
-2.3673137663395503,1.7893196061235956,3.4190389298712867,3.078674937946949,0
-1.363279724019017,0.9348953022862628,-0.85823965430541,3.125563872643534,0
-1.5740960957174595,1.304300012242557,1.1063501088512544,1.7724329899552078,0
-2.172292507095489,0.9094210735814936,0.34079640321624416,2.4936346215309713,0
-3.098127674574248,1.505820709951354,-0.33492985848961504,3.1977161528954623,0
-1.7437205205548247,2.3371818561264197,-1.4952318685460722,0.9697258852746731,0
-3.6279879684215874,1.8379913900333515,-1.6518295076795033,2.3462112573640774,0
-0.4176935439346041,-0.1122126102422365,-0.6904404742914065,2.74867616403119,0
-3.120203422961918,2.1262568152992927,1.5340187176119722,2.290865420938484,0
-2.899942782637481,2.7467735571275114,-0.22228330574334487,3.787300756450313,0
-1.1010211460306338,1.4339405596420294,0.9341063473746327,3.0880632321988224,0
-2.1900844493633835,2.136194081406279,-1.343411916577635,2.7652614622333322,0
-2.710613541855043,3.537824296160279,-3.6519972235956795,1.3010498980314904,0
-1.1676570117257565,2.7894537702907902,-1.6038878850955016,2.6759688412510854,0
-1.9763591888141183,0.8672332088787689,-0.4241328163666008,2.602349499004967,0
-1.696180059911357,2.597752456632938,-1.2165824019629836,2.6362054722570996,0
-1.3081232005934167,0.6408077617024175,-6.416166661275716,2.6811051036465385,0
-3.6661093431904135,1.4529440974822196,-1.1313488710651163,1.2236738203461122,0
-1.1919238074786382,1.763934933837021,-1.8595091827863817,2.0353877889324594,0
-0.5837710862236809,2.128556231606388,-1.2989325219711896,3.0076698125889623,0
-2.4129776614514724,1.9543401090631427,-3.96846753092023,2.292894834581224,0
-1.500430945855094,1.7479573521381435,-0.4768661785736916,2.366227205496996,0
-2.450247986977614,1.9691142421197503,-1.388385379396559,2.7814135680114864,0
-1.9757236504894247,1.3979591103898041,-1.4626021135536695,2.953520084319495,0
-1.6213940316329376,0.7697605921729229,-2.458849515205948,3.8345649684490883,0
-1.2994778489056138,1.892479753443645,-3.5012339641077004,2.3432722608664798,0
-3.140292868161298,1.7492626498894632,-2.3167701485274383,1.0782965313036008,0
-1.9880653083047402,1.5566659435151207,-2.582779135620335,1.9918520340152932,0
-1.2444205799131516,0.743418318420861,-2.223390842299257,1.0037363704894449,0
-2.0455457268578097,0.5839024447938468,-2.7091936448293126,2.083993857861104,0
-2.8321766976767786,0.25573032185954503,-1.8998765451797124,2.5335534626166694,0
-4.61585820149528,0.8973199150492047,-0.5325280076859604,3.0127334100799605,0
-2.175263570159004,1.197951851418323,-2.85140020242962,2.96546587281765,0
-0.2742161298606496,0.8915207866131477,0.9693019975612671,1.6160663981909185,0
-1.6222018699506517,1.9607639681247386,-0.06837962924901753,1.6914533245219312,0
-2.28517148750074,1.9480380655943355,0.25538856555779166,1.9591002676618434,0
-1.8816197400286105,1.2100014207102654,-2.330082192427587,0.9026992405326437,0
-1.63155952729736,1.0793643319746398,-1.4862338135855855,1.2983355038697417,0
-2.9883008237528297,1.0660302173165577,-1.5064155015643148,1.6369291599921008,0
-2.2770035346518953,1.0354357590504069,-0.4158430233800602,2.7142630281518914,0
-2.9481384987820336,0.3868814737622155,-0.1803240439750332,3.6099552153666368,0
-1.8252954877192629,1.7018410906359058,-1.0639376189693843,1.7007518165502884,0
-3.253438278766339,1.4720136377925601,0.03473709037661116,3.5364828321607233,0
-1.6874462566324677,3.6169911378844657,2.3692922813920942,2.75109193187763,0
-1.8066795851657411,1.396565311855164,2.92638823243996,2.6521535873936193,0
-2.6993448525763544,1.6155615467613247,-0.9514862714548304,2.7705136497742497,0
-1.6053803435458058,1.8168035570916503,0.09405646140549093,2.8164849109000296,0
-1.7495559887355387,1.2108583856031738,2.0175499601132643,2.7762183785330947,0
-2.044550884564236,1.16333495348337,2.213381014707137,2.8533088021572963,0
-2.510416040607848,2.6647425717500632,-0.30201140702872453,2.41173281527506,0
1.6678872392057547,2.661506390062326,-0.4051879799573401,2.4758697032294563,0
-2.3400355494853544,1.117782423528505,3.360568884220726,1.9698218292841165,0
-2.071134995280527,4.319826267084178,0.4062238089241108,1.754513341241335,0
-2.3946978245239676,0.959710401647404,-2.7101673936659845,3.402998805257578,0
-0.5136479084779235,1.172818743330658,-1.5946230573801254,2.0386883740578146,0
-2.653643020565183,1.819968360532396,1.1215848811211075,3.273808999242895,0
-3.0438984734871086,1.3244884163341644,0.27582686072787554,3.1690511520440734,0
-0.810494690899231,1.6666791487273802,0.44165497840769974,1.7193307958137627,0
-2.186236794701588,1.2105274846227547,-0.2009466077711728,1.9443109179872515,0
-2.1200157077374513,1.4256131148627296,-2.3816516431147843,1.0407925782844323,0
-1.8454305640000723,1.8753005968877987,-1.7597701305590723,2.73448903246111,0
-2.5177984363469292,0.7859004992328162,-1.0058742244964463,3.7656484934387944,0
-1.685695321227419,2.336492571779133,-1.9268076437981705,2.302611167271976,0
-2.7747098099037957,2.9881785591382837,0.10830540956563128,3.4028769212564356,0
-1.0441140396923452,1.8291330766581981,-2.126736636282311,3.426295922896336,0
-2.451915973345774,1.6491799313248854,-1.6219177861942422,2.0781662444350264,0
-3.4886294784245813,0.7640266867089264,-0.22241578588382316,0.9406718394197764,0
-5.485675016761958,0.3923257040981092,-2.5012109208584548,1.8705081204357075,0
-2.210374388918584,1.0426610205430622,-3.2216722353074236,-0.3963753716834231,0
-2.9315785232310567,1.0611606797424002,0.08096222651949292,3.1106965487283076,0
-2.5010766948240652,0.17487040008759203,-3.7175662797924756,0.7712989548697489,0
-1.7027329650056438,1.1201556292107897,-3.052936475785903,1.1898059975003785,0
-1.9008432230166206,1.6258356555274154,-0.5758430634705423,4.593271124610046,0
-1.9292083191515041,2.4307057701735095,0.4943104231013238,3.275331261090969,0
-1.3863469089991867,1.5395571081721957,-3.1340214501633383,1.9056387452669963,0
-2.1804576982827215,0.6555519942607713,-4.185798961975594,3.2092250409666914,0
-2.03281578879655,2.035550246780289,-0.8341212593076873,2.5646741348175097,0
-3.0966177056442907,1.7455034223014128,-0.2554810870544575,1.748040256322709,0
-4.69587989140841,1.9858402493045122,-1.104144225812671,1.960628259804184,0
-2.3801878859858805,1.7818993544376338,-1.1486730237156284,2.5487124285261955,0
-1.2897372842394246,1.5624348228108735,-1.4023867043971445,1.5880069265638999,0
-1.9373717014902887,1.769495475997188,0.434152949201546,1.690277916729736,0
-2.2100252039482267,1.776835202354718,0.5300089164454173,3.05840189607256,0
-2.5978950835399663,1.051568837194142,-1.966618510191483,1.3915711182811927,0
-3.0488239641699666,1.0668237041773194,-0.5219741765165365,2.7384774523246125,0
-2.0660838099399026,1.4251110109492502,-0.1669332507807543,3.8300930458703286,0
-2.586875292915426,1.2925018481547794,1.8029520949000386,1.5764518331012418,0
-1.9815605716477676,1.9397861182016891,0.2279436886407744,2.6153222299960426,0
-2.2873821784126833,1.407959146200681,1.0595258295216183,1.7846747472556397,0
-3.1524539022006297,2.325511382441335,0.6515563758464216,3.058533671631967,0
-1.923686363584296,0.7336848767485467,0.6877046421830594,3.0001898659157082,0
-1.8026758087568373,0.9876544891967214,-0.16085923920385906,3.095074968836099,0
-2.0045033626122395,1.656566198092543,-2.2561625123086544,1.7257559108032803,0
-1.78703570759498,1.8320953324307832,0.5654542741651118,1.655305918813367,0
-1.979656022154297,1.7634761536971832,0.9836967693028504,4.783916048570628,0
-2.6806015713967897,2.7736855248225196,-2.171279825890154,1.9039960932953652,0
-2.52010809893333,0.6449446954907413,3.0859759112318437,1.4763581373581505,0
-2.7521613254772364,1.030666815374504,-0.338178686552814,2.7194833232568434,0
-2.3665397122540526,1.9560992359422202,-1.413381347944235,1.8902794126921816,0
-2.4664279733822623,1.9388020009874767,-0.5567826351149585,3.0996431540566816,0
-2.9091131184865384,1.3323192927283434,-0.6634638934231363,1.6001100092400677,0
-1.861941087075104,1.2606132013388265,-1.1568276677616107,1.8268080714263544,0
-5.133832871807904,2.0681971768202745,-0.790985528790596,2.9713638597886414,0
-2.9864761364556793,2.8367994693358485,-1.7311184065113177,3.5382390503707324,0
-3.0225387851573817,2.2622869565386434,-3.257810141500646,2.5310898697132145,0
-1.449665382299977,1.5803320199976487,-1.6006294557946537,1.2771258798132634,0
-2.0714886108689208,2.0343178037693486,-3.3578907446964656,-0.6449785684931979,0
-2.0509667486842313,1.8873330082377453,-3.410905014996492,1.3075160912199766,0
-2.474587026965924,1.0121997405909156,-1.8213251680544345,2.6893033705597933,0
-2.4720746875714132,2.0831050774818474,-2.8997196781685766,2.376462520308925,0
-1.4603941554202278,2.4086713951652774,-2.242627774964551,3.0764204185099047,0
-2.2398578348508367,2.4013143758599034,-2.931965607106801,2.190403950530444,0
-2.2574380280531,0.8759121567369947,-2.3007928326749747,1.9675515475178786,0
-2.5365297039432653,0.6849964908251169,-2.531802990008748,2.3587689896718413,0
-2.6815784241463128,0.5510909763038618,-3.387152983209257,3.810015633127996,0
-2.3267692374382927,1.7877173061187364,-0.018782263281255762,2.455304152794415,0
-1.581763147566258,1.4480310580670963,-4.247862277354978,0.010194460708275344,0
-2.483093921929979,2.659665562252983,-0.2422929935626854,2.348581506605777,0
-3.4181217139332842,2.2669084993852056,-3.185202641099453,1.1371150824417215,0
-2.4135548351924174,1.266301951672166,-0.6561843216600105,2.5989099999259153,0
-3.441156847016089,3.001610741490895,0.11817744016821174,1.0629237526893471,0
-2.150281129336134,2.186135684716105,-1.4934052281949157,2.8943023202325353,0
-3.0407808026169802,2.102215215873901,1.8738681588671007,2.1935005877740217,0
-2.424011355713692,1.9560888328277546,0.35773769664337063,2.25541123051689,0
-3.0837895413973104,3.166274661780072,0.42947068789206577,2.5366415164050267,0
-2.0234398680883214,2.2752933298498896,2.3512904927555764,2.5395489142169336,0
-1.498891440268703,1.7310761768442462,-0.1964044287094932,3.4356456180261183,0
-2.1145391916656298,2.77359062706374,0.23080410614825897,2.0488480050832947,0
-1.6740299063244204,2.22147738259242,-0.6022060278449521,1.431342317970876,0
-2.850901848128097,1.0870324051428255,-2.1423486340936106,3.4242884617894416,0
-1.623374103929959,0.6658911245256373,0.4979869974077118,2.3946953376589435,0
-2.3089380561701365,0.3100344181112584,-5.70236143235733,2.9372824317423465,0
-3.2605566602555998,1.2865404358072425,-0.2030395010142549,2.150258293204562,0
-0.9678314579000045,1.0349954871954217,1.6303109821482515,2.853922607732306,0
-2.682355760377183,1.0825164802077756,-0.8998003348111112,2.6486878239212825,0
-2.830302135765677,1.2337747431452324,-1.087751449233902,3.1439633405732015,0
-2.3816644977009664,-0.13292639134615314,1.4605531826279645,2.92252802164679,0
-4.105925294941138,0.8058329719995186,-0.7771420952659198,2.9437747522472595,0
-2.2821125425589988,-0.09013849392046525,2.3360217124928493,2.9311367911552537,0
-2.711382604716408,0.7918935749384233,-1.3619273337447237,1.994574505207404,0
-1.860505463562299,0.5177328540715234,-1.9133444132440836,1.4416719066503028,0
-1.5073619710219515,1.4547345220370687,0.06708295407770493,2.3246923678393854,0
-6.173953110647112,0.47071051337204795,-3.2593744082992027,0.36456255565026474,0
-2.9857565061029616,0.7224333264020875,-1.7711305651658358,3.017819804317879,0
-1.1354589645740434,0.46981789107677563,-2.444761284824286,2.1968131332430647,0
-2.2324482721861023,0.9275897336820633,-1.3405843045128178,1.4185731583915167,0
-1.9638342352625273,0.255001891359659,-3.471488307845148,2.6969567818587237,0
-1.9180497401093888,1.7861655990016745,-2.979007902108327,2.6674297142852725,0
-2.057695347781786,2.5621146810499718,-3.697173671983532,2.0101176886169347,0
-3.1770592992717055,2.9973752246195797,-2.6354523918280606,-0.18551354717647017,0
-2.1522162942521925,3.1780100930056765,-2.228727009983824,1.9106950296139986,0
-2.205080679500575,1.8000687708130294,-2.1523885464003847,3.9551771104799966,0
-5.1208765355112495,1.7524941171824187,-1.8169342034457905,2.156158841206278,0
-2.4525072377239323,0.8323986040026077,-0.9643017006463537,3.076659207176382,0
-1.9470527485769529,2.6390244975948476,-1.1876545012283715,3.542323787893631,0
-1.9517218667013911,3.0394715910522754,-3.1274597119138496,3.0617419210707917,0
-2.0986784038320923,2.3360343230888345,-0.14258533253870143,2.1180543295970584,0
-2.685120708713905,0.3141302139497053,0.6190412837243493,1.6010893688223602,0
-3.082203562240497,1.004722593936938,0.14814260156613934,1.6407512577645587,0
-1.5169105806249275,1.8232881280191324,-3.171428659159361,2.3907357540393317,0
-3.160637914994564,2.257565483184642,1.4796794358172953,2.9210209516991905,0
-1.5609394431907737,3.714297134596773,-0.6583255378943145,3.4552684527194737,0
-1.3945230422046582,2.9342715057790265,-1.3666427936460588,0.4033321754525452,0
-2.3447144641462767,1.5114853726998803,0.5286748460330746,1.7178094043481642,0
-2.8551987269518895,1.7947687233769685,0.5605917786017628,2.9298507362094646,0
-2.6677921159586453,2.6456925935213507,0.8115149172641019,3.2128987060004808,0
-4.126021848895679,1.5868112496812428,-0.04918765375669781,1.8840587486612896,0
-2.011488574440702,0.05018215536281123,-1.9159007927947158,0.14810800636026222,0
-3.0019405164770507,0.3289792886013294,0.3802380467047999,1.2413956938407096,0
-2.661469940821,1.67147683669867,-0.6375057861126521,2.1483973210919403,0
-2.0167589632216885,1.8269825923350633,0.2898302928211766,2.4363834242316087,0
-3.092129815619948,1.6443113113631158,-0.7213009537231568,1.6932496900916074,0
-2.9839718558030626,1.2541257232199634,0.7985377781641434,3.6220348282180037,0
-1.8104686981226388,2.0938209144050104,-2.754901166909113,3.5590185219796204,0
-2.9910055153338275,2.198214524332418,-1.7551273573461583,2.065411424517387,0
-1.8506526166624004,1.9451341440820809,-2.6523848348137355,2.206253772650125,0
-4.689772869456739,4.254877117240879,-1.2304645105343286,3.4828018901448505,0
-2.221331894269574,4.5477561494611045,-1.6282900777973977,2.836581289759005,0
-2.5140041659151287,3.699584995859163,1.3409929010438646,2.3997059992864163,0
-1.9965346277655467,1.6061051482458626,-1.8974065983363348,2.7984441745229818,0
-2.4788172672107462,1.6696285564377251,-3.772085065707463,2.967846811481494,0
-2.5190204733688186,1.498122110250342,-4.479477272117917,3.2083980161927554,0
-1.3805410245689997,1.7723607458405808,-2.8621478533898754,1.6136867686657306,0
-3.925323805928349,1.7364116151793463,-2.0587604300854276,2.409978492824677,0
-3.5766475571684793,0.9004086090764363,0.10125956118095836,3.636456604645475,0
-2.977789318120112,0.16125891124693448,-4.227775756292363,3.1674800007719544,0
-1.8629727556179254,1.9950865584484498,-3.7084822333416807,2.326160178054845,0
-2.3706063919617186,1.7966617513315375,-5.023774325201924,2.6162970928754943,0
-3.0622907418892886,1.8505496472136458,-1.072794093415851,2.194079899957737,0
-2.3530829997948377,1.8763890048655019,-0.3114303742691429,3.4505786838646078,0
-2.6811727965902854,2.0369391466575224,-3.5713239415816593,3.0344888905071636,0
-1.0001895638001406,2.1531654824443645,-3.1747096800232617,1.660482999643918,0
-2.1403048596851906,2.408001553536196,-1.1874213647727714,1.6780656269109642,0
-3.2035594908079448,1.2084719396293655,-0.9395569926545728,2.000396786080555,0
-2.992559114270701,1.3863802126966898,-2.7662217655991,2.6696711899222634,0
-2.6849345700869787,1.2622233512800278,-4.1811492398193115,2.7561444728515156,0
-2.3082436987984165,2.0872521507696753,-1.48408258335881,1.7057812348227874,0
-2.6893568531157825,1.913951869760348,-1.4339915037045443,4.356138668348571,0
-2.4741630132158083,0.3182352880087962,0.06683225873001941,1.7705025204151592,0
-2.6875764269068214,2.133197844671997,-0.9777058053422049,1.9032764682888483,0
-2.4646415669961734,3.4276990997387164,-0.3450086514276797,2.617324046346034,0
-2.733238307279099,3.2675420627045697,-1.672014460609979,3.6827001736001845,0
-6.022828907974306,1.7765037850282512,-0.8455208693697573,1.648082202747931,0
-2.231338806844247,1.0030321575328345,1.786563459736688,1.4382024346189393,0
-2.099431743062586,0.6133543626543554,-2.4847705113749408,1.8277124609663649,0
-0.9774643410583788,1.821170162067548,-0.3357280568770123,0.9494538143900213,0
-2.227852877096535,1.017795967565774,-0.5152600373248596,0.3893258382050586,0
-1.4321539698721575,1.3829794584330621,-1.5767545953875532,3.103699398977632,0
-2.4290453231033124,1.689763115742859,1.831697218129422,6.6590788492092905,0
-2.5280804706600737,1.8171036416266413,1.0380207488217672,2.3197068743735962,0
-1.4105195294885244,0.9720626669577189,0.4464956245121121,2.8640992368333666,0
-1.6692936603813893,1.041617403080879,1.0596424446834893,2.395708269282451,0
0.20912752205388996,0.2856040803098865,-1.899846931967626,1.0171826485055382,0
-2.8936599543921284,0.5654320087201166,2.884451655945564,3.461587706566196,0
-3.108265867439589,1.658909020456077,-0.2067476014111947,2.2066855588373526,0
-2.581690606326608,3.1734697067055757,-0.5133042168247293,3.4891616905179843,0
-3.1763109600943524,2.3137172522422396,-0.42800476619476174,3.184657374985586,0
-2.2149065976873654,1.1385397912738764,-2.6610388608231004,1.9168281758066503,0
-2.6346809324785223,1.7912524303825061,-0.769314136403007,1.4586235455922296,0
-1.9214910307944053,2.4863275797892808,-1.793871803194446,2.3091611780448913,0
-2.003141440567436,2.1006866742902455,-2.73242866068077,0.9753752484920022,0
-2.3576177960648907,1.8512705458857202,-0.10727056431770254,3.3896611653472095,0
-3.120809655477811,0.7179122791676122,-3.513963283796528,3.195080216256703,0
-1.8286288245673292,1.4076980168162043,-3.1510567508236025,3.097057183737377,0
-2.4746147076683367,1.3136952432972229,-2.92363307642296,3.2963919218985778,0
-1.1570484926886193,0.6924127002079229,-2.6233452232305887,2.612052169408953,0
-2.2634662406140604,-0.23629836112357738,-0.9252951210529725,2.533101954335393,0
-1.8347098116349225,1.2719338262157909,-4.698906020979949,1.9908008933929944,0
-2.461347612691851,0.8262460798242355,-0.6591681869428996,2.9641418086506164,0
-1.9786220099527296,1.9774938766235888,-3.016016996906525,2.200391783645644,0
-3.7761264066236224,1.6942080432943338,-4.412755688064223,1.8774751532409302,0
-1.9760534603944429,2.1863774969179985,-1.9045801442878276,3.3949798557597712,0
-3.5947700679278674,1.4246257608097195,-1.3679967637466717,0.9436962335549841,0
-2.068508100755593,1.2835125026622765,-0.8344312463682455,1.5046262235453178,0
-2.49518906555243,2.2897500290231636,-3.506594320059524,3.540905887876314,0
-3.4921655783339935,1.7917621250815363,-2.475377327207892,2.281613405874586,0
-2.673281841464084,1.2696885030683733,-3.1468183646907875,1.601091107490288,0
-2.823011054616348,1.588143867804397,1.357637513398291,1.5089274038728127,0
-2.701989530516422,0.5009514744880812,-1.4428397748765733,2.0722581313233754,0
-2.574113354156539,2.563441550123448,-0.5842059418745233,2.384285896114245,0
-2.465523932814255,2.2397312689305022,0.6974209250194716,1.8397410902747198,0
-2.5881189776296236,1.4753538101410535,0.8751376755978849,4.33661691773817,0
-2.6468407934208313,1.890945314214075,-0.5997971027113155,2.725682601134549,0
-3.7268324507972483,1.5952301404436282,1.5119244151182767,1.724796457220168,0
-3.789274099263947,1.879417233173995,-1.025611140509729,3.8969360111583273,0
-2.8871612783154323,1.8089229115172896,0.2320276860293348,1.1297606815077192,0
-2.7207406478526237,1.3063822413563249,0.2766273553594512,1.4917085762846551,0
-0.8247859877280068,0.706080365314102,1.7722809744512655,3.0327861962977978,0
-3.0409629320109293,2.2298423064612636,-1.6264815741791576,2.4353298765067404,0
-2.130719737578724,2.002908204348079,0.38754459015826065,2.2968111089957297,0
-2.9752291852522896,1.574608101433772,-0.30242481622460005,2.1195218546240224,0
-2.4307770148913144,1.553701280453894,2.5648307272559894,2.662941236385356,0
-1.2596796998918884,0.32183103441070005,0.24815507168420264,1.7621639675450558,0
-3.1253338818155556,1.0956403768839917,-0.9892211689551226,3.3995631213896393,0
-1.9696764995934402,4.090936813365731,-1.1185895965297799,1.8922253092931403,0
-2.2096224992926543,2.03402744517851,-1.476929174542538,1.9302302728750653,0
-2.808325004204177,2.1308939281360266,-4.748400714143724,3.289106667360529,0
-2.4434557919080193,1.797763236476906,-2.447271357341508,2.843822115941912,0
-2.6415100424361553,2.5083873406536648,-0.9963687593380096,1.707722553480035,0
-2.7477410282572983,3.0551094942520636,-0.4286683766636954,2.21602695614143,0
-2.4444923390621196,2.6764790184694895,-0.5495032799556647,2.0484597895440353,0
-2.226441503583187,2.7211999691423383,-0.5440249417385519,2.150828802983628,0
-3.6731914010441606,3.843697195049995,-2.057335497834664,5.169754109527338,0
-2.369793844208762,3.3567491384083135,-2.1926205664720513,3.4472828340116406,0
-2.4595085853895022,3.0739878689425373,-4.502986997397224,3.839074644795052,0
-2.3144977816295076,1.4987965210082024,-3.964314009104423,2.082137852281101,0
-2.491039308887589,2.462569056137949,-3.151131782100289,2.431425766351047,0
-4.107553877484646,3.013636308411727,-2.1071045955838468,2.212540528764866,0
-1.886442718794664,2.3319888335432633,-3.900691270473555,-0.8918126911389783,0
-2.3269236870420666,3.202139332531985,-3.785811879637583,3.086056034640354,0
-2.7729017772567737,1.9444887267532245,-4.318566121058165,3.420871032520026,0
-2.3663005161680917,3.116566114682479,-2.5638314802028574,1.8611233692019855,0
-2.67990788487091,3.2429225990301123,-2.281478576419745,2.5172678908602832,0
-3.315282520509632,3.2612658077915384,-0.8701651060375668,1.448216005240489,0
-2.321683776604366,2.321422022291711,-2.099353111838859,2.131394349988239,0
-2.222307323706503,1.0222248504062637,-1.0984312532763916,1.7567761087647749,0
-0.4090930993939712,0.8384295954203043,-0.8571566920229795,2.2949196695041074,0
0.6492850234038778,1.532208243055073,-0.6533711240954724,2.179031781152639,0
-2.32521993887365,1.6141604488311643,-3.225661992917245,1.7331311190961887,0
-2.5710733399708845,1.8487448309985086,-1.3793009034315262,2.7449285737337594,0
-5.600818951727242,2.2658578547705437,-0.6003719352313989,3.071186181546344,0
-2.02961812824151,1.7532003030919818,-2.553384440194012,1.1738211547959188,0
-2.4595653521802827,0.9877342757217259,0.40239150119665934,2.579292776243659,0
-2.81051027320749,1.2809674009412864,1.7211289703142045,3.4439187152780404,0
-1.9748182947929473,1.8865213741028612,0.9101553799438057,2.5845191191747454,0
-3.034065311439981,0.819456706626063,0.06429954697600018,1.301539754194976,0
-2.7850534868811305,1.2488788156419488,-1.011961772067711,0.713252722828984,0
-2.9657476867594434,2.429300061034,2.118513833784597,2.897169228183008,0
-1.9396437846717185,1.9788619579343045,0.652330873673757,3.244998382193838,0
-2.616407159792437,1.4351828411378669,1.6395098648866815,3.0883499919269792,0
-2.1018314571491143,0.18694430050488586,-0.27246888126285074,1.9452272582268018,0
-2.387777639786796,2.2538103551516846,2.2345015265525996,1.9672967583004493,0
-3.0798398497549297,4.58020583009576,0.7968429358538784,1.3163172317938936,0
-2.1694192434732016,2.4905440620740524,-0.49512053956740787,0.6761061495413485,0
-3.187960344794047,1.2845862302992317,-2.3006810660289263,1.940910149952738,0
-2.9444521746543684,0.8243066672752758,1.7317300175541486,3.899931727615398,0
-2.690521443007534,1.344225965252345,-0.6143527078438462,3.4994796355083087,0
-1.890877004067654,1.101061616770923,-1.8766909616085572,2.918147287952336,0
-2.736316255313583,1.8899187821805354,-0.7103170601932688,1.2984595443671243,0
-3.358034408697458,3.478074949238322,-2.638552545388234,2.1929672434205205,0
-3.3305870221073413,1.645066102638153,-1.8714536106449062,2.051035401029101,0
-3.2538194041549064,1.999348309374215,-2.994320245342473,4.035694603221245,0
-2.275428742732463,3.0223389425262726,-2.3986388964317196,2.5086388056757762,0
-1.9604287806024026,2.1584635179341447,-1.5610707006027853,-0.07525797660913458,0
-2.209733769875166,0.6822242415615852,-1.1767747287687862,1.6969151229725252,0
-3.725659077014521,0.3583231173097725,-3.49728329673432,2.621032740432386,0
-2.47174164181433,0.44770118392214275,-1.682080880288415,2.7908992679715516,0
-3.2300421440458877,0.5975249884693417,-0.9484779839522621,3.3306222920982123,0
-2.240641040525789,0.9169806391131471,-2.4652466217286095,3.0372011877534186,0
-2.9384106256343148,1.2045688948995668,-2.9766876206008144,2.4139518530127555,0
-3.0671198718750357,1.4331562732871659,-3.3211869484663077,1.6681425274382153,0
-3.3168695050615256,1.0880470493844296,-2.793664316600093,2.814654393574287,0
-3.7316436927963537,1.015404206344992,-3.719580060468087,3.8049903139179166,0
-3.2756689979198583,0.3223645482598796,-2.8717373941803594,1.2701019898695494,0
-2.565590034954849,0.15695243322759111,-1.7540706353669304,1.7880816164093098,0
-3.8592752205321275,1.2329173541014589,-0.36902866177591553,2.2776366543956144,0
-1.885291217803612,0.5372484063016376,-0.9302376548626817,2.443535594013894,0
-3.143369731330438,-0.2669248128368653,-2.2278274926928425,3.9916750924293978,0
-3.162605631144714,1.4158178923926272,-0.2379513053117137,3.066748867176639,0
-2.9701355892991423,2.276259695411054,-1.6629625509028834,1.101379937535744,0
-2.2507656166598267,1.8911608967686235,-0.06256936435180749,1.7284312318182269,0
-3.2039848751712574,1.8312938993616426,-0.4974152820731087,2.128971876706824,0
-3.4250398198441063,1.2411447991337128,1.7351738870619502,2.2220475428467994,0
-3.6167131740289045,1.480369503421395,1.0847047609856373,4.541428298712641,0
-2.8836091322736506,0.6368291574360795,-1.6253803802761315,3.3464410743821125,0
-3.25709275213956,1.3538671808982832,1.9225424584837574,3.109926754432087,0
-3.102784741204348,2.714837838544379,-1.6492613419546498,2.23935651728143,0
-3.0242621654774573,1.4407378134700752,1.6677992156593755,2.32199559188912,0
-2.5348531421348723,1.8883935309448479,-1.1123572661132,3.775549623557607,0
-2.246724308669349,1.9836874189017673,0.09840561530615119,0.8126718768705996,0
-3.06778148227057,2.899504244165173,0.5852308117812908,1.3848813546360488,0
-2.7434252482935126,1.1168407450119833,-1.695620996151139,0.5416482206762843,0
-3.1437693543343217,1.323908493034011,-0.2860396537525402,3.628107288351382,0
-2.140225682841469,1.3505660936761457,-2.7701137249050904,3.4013637967191244,0
-3.5779402707562173,1.3335337355433272,-1.8165007893254,2.3784406509950693,0
-3.8701616881238503,1.3602837971333013,-3.1312760195453313,2.200727721400903,0
-0.7936502418240332,2.646920618407855,0.1887816955415984,3.046660071853387,0
-3.122469862024522,2.6011149623354606,-2.09586083877557,2.2992073391730266,0
-3.3897379589587473,1.130852075214376,-1.5134652401758963,3.399693278470789,0
-3.4233622939725343,0.9025605164071772,-6.067744860679383,2.4013271912276,0
-2.820570300344265,0.9933804025699531,0.026601852064548348,3.8671993162182132,0
-2.6072539493250666,0.9721835911529748,-3.0639421200764314,1.7297971238433854,0
-3.3765335056744488,1.337021375663331,-1.9805284908700573,1.8593059703331964,0
-3.2890848727224515,1.3870852799211717,-3.373356080507677,2.7192930719410655,0
-2.92399159737887,0.32726199495471797,-1.1359734947001867,3.5636996463771258,0
-2.3651010311068483,0.10831793921707478,-1.8509724766710212,3.864965904783193,0
-2.9875427115552067,0.6410493994859656,-2.0361410306000662,1.983555110270192,0
-3.6556652760602657,1.7792661349362422,-3.1971701641091252,2.414610149669676,0
-4.034319430773959,0.8180605536029714,-2.927165141321185,2.4323383437722903,0
-3.8016294555838916,1.8584868578862328,-1.638578799548871,3.0882804623040023,0
-1.2875286048033625,1.2742485342759928,-2.4637191793456643,3.7166772969116106,0
-2.8488764427454734,3.028850010243082,-2.231699745531498,1.8422488547246263,0
-1.9316632337300326,0.4260089620023202,-2.3823778040008734,2.939550664118181,0
-2.7381992696550777,2.000888101618729,-2.970605941490245,-0.6823719724058159,0
-4.011742481132839,3.1980602905501616,-0.8571231252675857,3.616588635476574,0
-3.2319166586726764,1.655880493195349,-2.4535881906243766,0.6613541922501329,0
-3.20200030468412,0.6452707591304564,0.009500286519677381,2.7891123396503863,0
-3.3828831668785533,1.479989045503508,-0.6279092876733718,1.6179755999359497,0
-2.273782278125829,1.1966287843437553,-0.9231905323793926,-0.4764337704448631,0
-3.4551674501925143,0.9727479953966843,-0.5034679522850855,3.097144622802984,0
-1.8606240181178022,1.2615531540639557,-1.2081334679883147,1.8527569957442447,0
-3.607912745717247,1.8883655630262712,0.07991132162427361,1.8338192593265754,0
-2.8449134846682225,2.2502930453790455,0.02951062029675089,2.8782688191534227,0
-2.4975114893056065,1.7457742216061258,-2.5704966465024137,2.2934260677089173,0
-2.6127123931487457,1.497112308654302,0.7320522192350968,2.4020995965943537,0
-3.156632758401841,1.7603943619935278,-0.3140011340594158,4.061623419554126,0
-1.5861606975010416,0.9970839297611211,-0.15961240214563532,2.6703252567144697,0
-2.587101055142045,1.9277633891480142,-1.1335670802931062,3.2667089109664844,0
-2.62003391694818,0.8006387848693868,3.475532134980802,2.6039967683129808,0
-1.404007896761466,0.8877191970976648,1.22443077023119,3.428675629418665,0
-2.6918191699770877,1.6053808190399361,-3.060272689953132,3.0645788676497996,0
-2.3538732865637755,2.123704629758777,-0.16820690954777762,1.673511753285458,0
-2.126064685985174,2.1297488154401236,1.8196146277532486,3.220759386998794,0
-3.7339487256157233,1.999206020659296,-1.00495484666426,2.6730468427886502,0
-2.2438778759915836,1.6732421638571118,0.46009679921008273,2.367237702641751,0
-3.459985449384817,1.7542024529947398,-2.197200660276639,2.378035786599363,0
-2.2408112858196727,1.9450789370580124,-0.21705974217869894,2.001502961399113,0
-3.7426944296605833,1.7587803627333087,1.237825852057799,3.340031790706954,0
-2.4211308851700757,1.6386851800124922,-0.07023763854608034,3.2505930981410267,0
-3.5271229203077423,1.8585219994833997,-4.695831059311876,3.8375302311264186,0
-2.3607021760291556,4.945441572407882,-1.453357919869548,3.5275305536633508,0
-3.8598145416068776,1.816363938657438,0.3899237509850746,2.161389747939055,0
-2.724372040074888,2.3663788025981156,0.009678877457722557,3.5625218315164067,0
-3.8705790258893416,1.6745555056579315,-1.1749222618130073,2.1216175471603167,0
-2.755032140499662,0.6146325253809497,-3.075167857616324,1.876079115550314,0
-2.924384359658399,1.6263854566937685,-5.432065965074768,2.301009734440268,0
-2.8792885608273133,2.0050211552036314,-2.634998555446213,2.4680597173717445,0
-2.888720673766812,1.0794675973129497,-5.35109218258234,2.143441719850504,0
-3.0333384336260845,0.573033405876495,-4.8785614711616745,2.5360205979920565,0
-3.776589551254192,0.6282070883397444,1.9250174765794936,2.9082985405597093,0
-2.99944840006599,0.5278409050763897,-0.6741958320947992,2.8699941963363353,0
-3.482493300369968,1.832153956171926,-6.403080003216665,1.7507789317292837,0
-3.9792176677420708,1.6836686064108777,-3.9375334681232914,2.7285388427263473,0
-2.7742564521918687,1.6572558752674293,-1.7192220340694981,2.933751267155077,0
-2.597364129262035,1.2223587687723239,-4.864289600836022,3.053347037200394,0
-2.6886715422163476,1.4143019686208511,-2.3112440694506544,1.711299983731705,0
-3.1721116734134536,0.9050432191446041,-2.6798248927314736,2.9801288644748327,0
-2.2310663635522214,1.301199738926154,-0.6002426000313906,2.0399077028756887,0
-1.7906112169061281,0.5733524960176062,-1.295345443859779,2.8089559126963035,0
-1.8389419151449946,1.8036057014700164,0.9585592963799043,3.893865503815495,0
-2.0703494505079583,1.4616347444336035,0.6793687986100152,1.9672226543658062,0
-3.457691326675382,1.353071133226602,-0.9166865297209583,2.879572012994618,0
-2.9572286068460234,1.5908695303432454,-0.5457417281813166,2.839911652106176,0
-0.558617216124313,0.8589173191666847,-1.7710869943323213,2.2528593256436857,0
-3.028914503747929,1.6423086391566295,-0.04279177429251877,5.095957439123572,0
-2.738762178748338,3.2153202710885793,-1.0981970852607645,3.0138435721070342,0
-2.2507228944241255,1.7352244652569153,-0.377198349357199,2.0539709509821233,0
-2.6175087428948873,1.912884991396802,1.8295170334292892,2.389461379996027,0
-2.2994876921066734,1.166911279037799,0.10062865866486537,2.9307283663922443,0
-2.936465977579576,1.295182688707358,0.3877935039835334,3.770567660821559,0
-2.9163847784682213,-0.24126920049921052,0.8016402332989999,1.5816448139273298,0
-3.6335287112415076,1.3274805939789394,0.05525054072252977,1.3933508245935429,0
-2.5900506672230814,1.014532230861195,0.5878623156862429,1.8877855214484063,0
-3.366297905200669,1.03912402075624,-0.10758755092827925,1.1219720863297322,0
-2.8199532370244484,1.7487584216414456,-1.6223230233840895,3.2258653414955845,0
-3.857733129188432,0.9651268148428459,-0.6141511461846105,4.150879966935651,0
-2.307449618980451,0.9888432733825021,-0.0984647208418874,2.4916892812208014,0
-1.0580256366715732,0.7608868125201036,-0.7672977382325878,3.2846072192601694,0
-3.1073887555418676,1.117613268314869,-2.045458428221837,2.761544615804454,0
-2.70031244215063,1.500250490252412,-2.3358499329961484,2.032278075224691,0
-2.366173893286686,1.86170889749463,-2.26255878224597,3.688518331192112,0
-3.310118682260342,1.8099372991996037,-1.1948356143100642,2.511734562947125,0
-3.1234299278231994,2.9205034011329367,-3.9513008853673526,1.3617736109370404,0
-3.035660628439209,2.4070934862871995,-2.0596836613950065,1.5850818987388822,0
-2.699953161687651,1.4410456732811512,-2.0258649989291833,1.7975767812662944,0
-2.0266301452543836,1.738003885368879,-2.1077298169358816,3.061664829230842,0
-2.78862880055232,2.22690341735012,-3.258332828138815,2.8361285950408734,0
-1.6916159114976115,2.0713872789077135,-3.8704151584599695,2.0314773411377613,0
-3.45472462464675,1.4381301143921785,-2.410366310160932,2.0226947503705537,0
-2.857590367917697,2.524537209403209,-2.9478538698909413,2.3082424256893606,0
-3.5572665829959744,1.2593856725313928,-1.110696092775431,3.411067112915183,0
-3.0776329344716595,0.4156427020591864,7.8901823599589545,1.7585605836929845,0
-3.6851037330069625,1.4606227771686378,-0.3359232508764345,5.2645655829431774,0
-3.4960269977211413,1.9431597244852594,-3.8940117789954156,2.1222047486329516,0
-2.9274343730830132,1.4682958389300658,-2.063967605438571,2.460452776053407,0
-2.2776888989797204,1.6795724666302543,-3.4457384785086633,2.6619327037939047,0
-2.841486498587619,1.9615837104314209,-2.894014214258994,2.2595060086449075,0
-2.7766754765452752,2.0126950480635775,-1.8200362007184077,4.149395194715471,0
-2.4088145848955604,1.044598371665899,-3.88780042794843,2.0542177438973432,0
-2.4588914129684145,1.15340026253485,-0.24089963399014136,3.4581131527762494,0
-3.904651810494501,1.4605336036326737,-0.7922169599818509,1.6264655094358274,0
-3.432974841629496,2.2695483862573074,-0.48224791541734113,2.0374439430309477,0
-3.5280711852093614,2.3925932167134585,1.395188278485997,2.3525148124693063,0
-1.8637143628098731,3.4991947173257927,-0.5800575364563262,3.4345940319683956,0
-3.2728930767695608,2.563889192874891,4.400442641850663,2.920418215629813,0
-3.2071373999733463,2.305658036356415,1.6907172619153368,4.818501183503803,0
-0.8968266597404577,1.3974491735353767,0.12744692494057547,2.5246043749178892,0
-2.692929199344901,1.1602049955398952,2.2225912743404885,3.2858074109547326,0
-4.272737002438592,2.107831292486807,-1.588541469390792,1.9750663808664004,0
-2.468254468169402,2.170263750470677,0.7944643840761652,3.227482497362394,0
-3.021659509672048,2.6955634779614845,-2.1334784347329276,1.0158224760317796,0
-4.7049396670420744,1.8421687492344125,-1.3053172026053568,2.9720227365899543,0
-4.576888137957516,1.4577063976320233,0.5187881857663907,3.273678337828422,0
-2.3475948510603817,1.0275909401844776,0.3844962110282246,2.0272237348737,0
-2.4279606890137897,1.3212572688720179,-0.5607695930742906,1.0748971461257386,0
-2.9292183870595214,0.5801884403196674,0.5442628926559366,3.3830506285631494,0
-3.5253286842891334,1.231080701978406,-1.9251212733376502,2.553029126795149,0
-3.014187197015129,1.629774638552936,0.5264596274733404,3.149676248392855,0
-2.3501055655481093,1.9497626890247939,-3.334513839672778,3.4591641986026653,0
-1.000529362910025,1.742968735844992,0.12791355058911225,2.949444294698292,0
-2.6007125233249906,0.6618512267612376,-1.2371355139472897,1.6848749860550627,0
-3.634209571379884,1.3766483883363145,-3.172544994128521,3.5896626240455833,0
-3.4780378041592703,0.8221521587571078,-1.9955719642090775,2.9254973391437344,0
-3.729951429226338,-0.6347318710556116,-1.9643096951851926,4.420054816303917,0
-2.4996216490725267,3.238774349527266,-2.8608859419673998,2.779276004775918,0
-2.7255270994038803,3.502709729789263,-2.598748260792011,1.8287809404594728,0
-4.292495970959835,2.0999844488921156,-2.9437156859413927,3.0291276440460915,0
-3.343361293955355,3.861156848312524,3.029633801092502,3.516548033845341,0
-4.213725929263811,1.1955801502980772,-2.239907944460404,2.916948236791454,0
-2.560154877432878,1.5704249410982534,-0.4974258613150595,1.1191666192478478,0
-3.2658514248408403,1.0325425045829308,-4.1535988674368065,2.4064280291763076,0
-2.9584034727926474,1.2568808619614216,-1.6538647418622734,1.9699780668175566,0
-4.353115807637058,0.6880839860406807,-2.5930988938791533,2.5197898614575887,0
-2.6228556579639957,-0.28782469798137766,-2.5617900943830736,2.196294940448507,0
-4.092376975580303,0.2124208195505879,-3.7595842963135118,3.002651314278367,0
-3.677428579230323,0.10480656012862588,-0.6159661132221959,2.6203008603266382,0
-3.566667257601048,2.258105893540592,-1.4164006580433832,2.2918415260832417,0
-2.682367086330978,0.6368392312527873,-0.23288889544436864,1.4823046357579206,0
-3.666698941438143,2.472930153050253,-1.3934101764563156,1.7076562924599812,0
-2.8860622048222884,1.546680062243117,-1.5912210245572411,2.3493274015795116,0
-3.4088911500362604,2.1221289713419456,0.3170249736449946,1.8921190610092675,0
-2.9888990529542787,-0.9714122029396344,2.3623764969974794,3.581134746615401,0
-3.411424540653385,0.18250474140751627,-2.189169682855618,3.7103910951151295,0
-2.847307572572361,1.720462253685477,-0.38673475981429284,3.6218301829247426,0
-3.0183407022937514,0.6787632142527253,-0.7003199878030492,3.0816758643997435,0
-4.175427174468592,2.565329295637631,1.3841656523315515,2.6582526517779144,0
-3.3379422369098357,1.980139700086493,-1.6291195635611118,1.4777413203582257,0
-6.906042860869812,0.8649137212191005,-1.2765385030123333,2.069160738233371,0
-4.218005472534897,0.7349063559275233,0.010559793140172469,3.7519162969256232,0
-2.4011294621031487,2.6589103760688344,1.8818403862013626,5.673308008583627,0
-2.7608717929539095,2.0859577115724153,1.0364334572603873,3.3209817708076144,0
-3.5806932634543753,1.5107863645070938,-0.40370144724513995,2.5395749951197804,0
-4.182510245322167,1.8365391457470879,0.613776782268233,2.883036471913767,0
-3.8066101710425144,3.0109006547747423,-0.8609882031829905,2.985985672244413,0
-4.142655087411147,2.143524757673534,-0.10026484266450592,3.0278087115522827,0
-4.861485982841235,2.3646435830661185,-1.246562066687349,1.8693498282356285,0
-3.145382784833605,3.675151559200486,-0.8362713848482505,1.8470013886663683,0
-4.059035073848028,1.6969832113375793,2.0129233263065838,3.412642202901871,0
-3.429488265301484,1.681020504520979,-0.028736761895311158,1.6836025211428551,0
-3.695281261341143,1.060230175422801,-2.3502545060034192,3.784525214700494,0
-2.976846004768638,1.8419182407006551,-1.2317819468940472,3.3525293170537585,0
-2.7593898377229147,0.6877079656529085,-1.3641933151877068,4.730000067099927,0
-2.9316154527974683,1.0365935539768707,-1.8584086093568293,1.6223007439108517,0
-3.4068996361265564,2.058655001195829,-3.172663528606364,3.4475134924159767,0
-2.8076069612972585,2.609479843687775,-2.3682404527513854,2.622971455713555,0
-3.2940100498799456,3.441590578120686,-3.315852540107163,2.5145946834084594,0
-3.464936253087267,0.9833659331427198,-3.7002695680521356,3.082486830044059,0
-3.159897682406882,1.4703245145474977,-1.6567234049191486,3.326482798682933,0
-4.5737995799740805,1.563673236172361,-3.101770550644479,2.136078463537098,0
-3.7910712843912107,1.049457750475534,-8.72787449645396,2.7585473398130707,0
-6.731131476164146,0.6082710208390398,-2.636859860041428,2.218985547283363,0
-3.0787508064894746,1.7094247435720007,-2.5577993676997424,2.698812897672968,0
-3.0351215580506254,1.3883032890277558,-3.0005788085622584,2.072135757662456,0
-4.039482426408815,1.5844212258980381,-3.1501367790535983,2.270421666671224,0
-3.4874738421569296,1.1434048406422757,-0.4126962131052141,4.5106955689768675,0
-3.522546685199793,1.679966682186078,-2.503248229435256,3.0021143686079923,0
-3.633484556734026,2.161722243914971,-0.28668665555504647,1.2342538290347194,0
-3.2637157762820284,4.252565510311552,0.320286105264852,3.407090417004617,0
-3.354362446156685,1.4557095348172484,1.2496740016591221,5.0533908902096005,0
-2.037183636241001,1.8651037423580703,-1.6881215274510732,3.3534128291833074,0
-3.9850223859834557,1.8458422330749202,1.0008961655894066,3.1151743368527023,0
-3.690443420698575,-0.0837375571727792,-1.533886844528184,2.4408067690339976,0
-2.9827351550766816,-0.6154509391803811,-0.5109120319565922,3.1623319544483817,0
-3.456536963632699,0.9265056096892172,-0.8268171593464144,2.0866867487275442,0
-3.7739771328991956,1.0974405623296652,-0.688213199355136,2.453441179018904,0
-3.320404153881809,1.2525021078286642,-1.124075231775983,5.381125257051551,0
-3.713746898652382,0.9020533966479851,1.7528399764327016,4.80893491187259,0
-2.8247191393366995,1.1135029731086235,0.18235029798024524,2.8572628145051793,0
-3.367022295770986,1.359071944411617,0.23995256182633845,1.7681325086150481,0
-2.667615850642511,1.7335683213476414,3.1439318244681336,1.967264168924312,0
-5.961178260007852,0.8264184784934618,-0.48154489936819966,1.4828901140974229,0
-3.7669407865368454,2.003869666091397,-1.9002472297786268,3.534524730493371,0
-4.3023401199489175,2.6333611855577717,1.4960932093434256,3.5581671686248475,0
-3.415543526655826,0.8793504174728575,-0.1714067887863463,3.83617495697199,0
-3.5123482650521716,1.5630013140147292,0.6364680311680811,3.5588882577504704,0
-3.4158137207506454,-1.7033175181185791,0.3102543139854833,1.5014521813313706,0
-3.7425511358443315,0.33332923398953973,-0.44142724249820076,3.1313020178247526,0
-3.2452187309194795,0.2255873727532609,-0.9048851850864679,2.9269840696714544,0
-2.550969608050794,1.39556703456284,-3.4734134573548374,2.201319688657189,0
-0.18041083175043982,1.740689017974572,3.459340919387315,3.511401820257147,0
-2.237126841381335,1.964663561407873,-1.2483370489547327,2.991112463217494,0
-2.93620050380716,1.7536608674531853,-7.503211201481865,3.1462380910393857,0
-4.795374407296196,1.2775376592018888,-1.309088277207941,2.626764290835992,0
-3.6109685866249404,2.315121854555649,-2.6562860654779157,2.270622706770107,0
-4.330361671352284,2.7480139526653784,-2.307422052287158,1.8025975708977713,0
-2.7803240677493015,2.4545720498808716,-3.394410111461054,2.6015001206754302,0
-4.098499079759799,2.405208006380022,1.290312309395019,2.0119755535373276,0
-3.724036907863793,2.1625394692428466,-2.1470203731195943,2.124938055307321,0
-3.7308140518591957,2.2115728584798546,-2.5055277081697906,2.295475447071931,0
-3.77080515049461,1.4118566610706842,-4.709574953710445,3.115452902192814,0
-3.5821192191099107,0.5531165343943321,-2.425680193642192,3.9136436104789634,0
-3.9130271815718807,0.6090309085796894,-2.6167513687391186,-0.3241378706503042,0
-4.073812312321143,1.1654853514774874,-1.6697217991647602,4.357117254010103,0
-3.5749454225917,0.3606374527958167,-1.8897075620200836,1.5687783172800658,0
-3.1776416347769776,1.0839208745845008,-1.3840961911676897,2.9489111762876603,0
-3.201257552222262,2.1210308855113187,-0.19871405943511067,3.3942975533448596,0
-3.5922390511774744,0.1602542894846155,-3.035670976892811,4.148029364692791,0
-3.434830776624113,1.999046729315682,-0.04251878347031779,2.5927539529492236,0
-3.44641202079164,1.5703352629422294,-1.1824308380794317,2.5364274846399626,0
-4.525764256867775,1.2598424727460282,-1.6352291548875368,2.3749571411437245,0
-3.185545033632237,0.5742958755467288,-3.405048583062447,2.7510358658688996,0
-3.537708323127416,0.48333230625842183,0.21836137872594852,2.220996378316573,0
-3.4053447970042834,0.9310583914145101,-6.247931588399496,2.7938967616454375,0
-3.615933673414104,2.2476266130387472,0.8679231303774635,3.663016101519225,0
-2.4937661226985943,0.5535167834946433,1.5489862867177238,3.150160082897308,0
-2.7809570261794976,1.911343007892631,-3.3532475321735102,2.566560120680134,0
-2.126227416647234,1.357223310155659,-2.3692222372493976,2.2986494058241775,0
-3.5976671131591154,1.7677890039471857,-0.9871255899403995,3.678401751257403,0
-4.424036048595689,2.0361942513729097,-0.8035189250153445,2.89790362535814,0
-3.2803374003770402,1.955439749666005,1.269253575046682,2.1801362729560863,0
-3.3544835955671264,2.199140231235035,2.7925282969430576,1.8357280034412438,0
-3.8004768433675507,1.8601203921100946,-0.9386893288354901,2.7902613036535477,0
-3.300551159144492,0.24678531365725798,-0.020171822255555936,3.3406463019783144,0
-3.088269016748101,0.9343514993840462,-2.848386750263259,2.3532831816119857,0
-4.508303842881322,1.3493474114411588,0.18005103705370706,2.906240028122281,0
-3.055520316216638,0.9019286901963371,3.1154444242266774,1.8158603242473932,0
-3.8373269462107658,1.3729062408154213,0.9107790378895964,2.246014877061683,0
-3.9814727810104213,1.5780062311141234,0.15654724786923113,5.454402782313973,0
-2.4580136965339845,1.0570989928951153,-1.2846623555549952,2.8759970317128336,0
-2.5874843423227656,1.080119298321409,-1.4336609781973322,3.3611707809176163,0
-2.4314368126824086,2.6691276115178337,-1.2872045761391844,1.1416321842930717,0
-3.3962095500248752,1.6387621788475508,-4.007775953620326,2.0024047482441354,0
-2.81228282828112,2.6349996109034737,-1.7822032205362939,2.590420539666887,0
-2.721983140916903,1.7776992691934859,-1.889274109206161,4.3058754522151155,0
-3.277802532973682,2.3672148118992897,-1.2237241627886668,4.476513882240278,0
-3.489319178084521,1.6161482543099537,0.940312991873868,2.6235763766910205,0
-3.266682556386745,1.1870530394170495,-2.2104721107499006,3.3951058815252817,0
-3.6924033228654434,1.141413212256769,-1.7977590127254,3.452495830326221,0
-3.66247098909715,2.092069413316122,-1.4609497798122786,2.0667122981598003,0
-3.108086124205282,1.7980024135086357,-3.1445907339120276,3.2569173391247848,0
-4.5399287098272545,4.134767883881813,-1.07087334005374,3.120607797725823,0
-4.155121161541331,0.9450605896121526,-3.3587612071027753,3.1080134744290286,0
-3.2959954698836618,0.4243455339119675,-3.4030874575881342,2.824806527927646,0
-3.9906582426466306,1.7004707982315506,-2.337362085109791,3.165914914421508,0
-4.59556659648322,1.7403696484188993,0.5220592162006912,3.8339924344629264,0
-2.955090150755932,0.31662330848243614,-0.6118735817929402,3.4168277612809135,0
-2.8794779343223356,2.023227846336024,-3.1596778445903073,1.9313509524482932,0
-5.043509317652366,1.2495146785819211,-2.1663888858361,2.705524728456763,0
-2.7059409080240835,0.6609878219481293,1.9045081742025038,4.444071389236587,0
-3.173428069745906,0.9358129412059957,-0.8785041713482578,2.9780277672625646,0
-3.4569294967263073,1.511534800234042,-0.1706155679679191,3.641515709527342,0
-3.842019049267938,-0.012070401961333355,3.68086527164294,3.472547786464938,0
-3.0843851969747016,1.1683647606204857,0.9679367925258772,2.952049088275911,0
-3.660780460490899,0.39675581359215917,0.30480084792466955,2.4799887642773526,0
-4.139365526800738,0.2379711677885843,0.23964175001199467,1.992285568594127,0
-3.232187674920752,1.8330290046967468,-0.8678577734568582,3.8120572072759296,0
-3.417345568939284,1.3567634852100166,-0.3466691469339058,3.868790916496452,0
-3.660345799022175,0.8158610623257019,0.03657621302230596,3.4134204171858262,0
-3.0967453034776304,0.8438828928623692,1.4611812686602133,3.2431284683951196,0
-2.6884271444933487,2.3732735456984027,-0.5991379764762689,3.4967650750712007,0
-4.1935810352040725,1.5630428408564372,1.4864807822119892,3.5525693562141045,0
-3.673953765571446,0.8554246316877645,0.9998089560450351,2.8635654010319653,0
-6.296301777929766,0.8036952650329426,0.7941851127995997,4.0928084407922105,0
-2.968115790456587,2.1746382946875826,1.7280570318525093,4.075719730517207,0
-3.3156907653651997,1.1584562999376393,-1.3637688424606598,4.154146606151894,0
-4.269425017709758,1.79061776466236,-0.8785495657261688,3.0950964350265657,0
-2.086028650515071,0.8433873662813491,-1.610987950145793,3.796922634908084,0
-3.0238649821030488,1.1171694736196187,-2.2114164274694965,3.4657922221066926,0
-4.498371909815598,-0.006496844791596512,-0.7690215661611335,2.714115491561769,0
-4.0347219234432465,1.2820820951978702,-1.1039225748051809,2.7028494314594846,0
-4.230875866213031,1.9303553226085137,-1.6548452166740382,3.250988995183391,0
-3.51914734855354,2.835587461403364,-1.905384465406735,2.980295202905602,0
-3.0349723790359127,1.9853321431125275,-0.005013334463221053,4.408967402278939,0
-3.0654574343653547,2.9470274180979654,-2.811902068132803,3.315373822518729,0
-3.539191146895612,1.6278192020733124,-2.740746130783224,3.0158845126451457,0
-4.756752838507036,1.2822588196417315,-2.0185587191850427,0.49671713111510973,0
-2.8882566991446033,0.9539945920034723,-2.126864535070726,2.5947045033130687,0
-3.925167834806583,0.8479120636881881,-1.7440594641996974,2.983556103039613,0
-3.0272009553280683,1.3253150232516844,-1.781465562014091,2.6699416183033544,0
-3.706387839114473,1.1568358001855232,-2.5560024144822453,3.842758308236286,0
-3.574211047929411,1.435718950406513,-0.6384947585989647,2.856522079548617,0
-3.611149765827585,2.221542111294854,-3.460332177976392,3.4135694516219397,0
-3.6268093826282946,1.8926844348600893,-3.5612192922768235,3.4959707289456246,0
-3.454498799793164,1.4807666163414543,-1.5444598365041444,1.2510854410922247,0
-3.9862076439360745,-0.9957226031272022,-2.4256313377307275,2.9630123388078218,0
-3.6679652873860684,2.0570052081841843,-2.5166980942143224,2.097848220653794,0
-4.019813374344129,1.2710617554791814,-2.1509477158512924,1.5088145144814291,0
-4.716285628803857,0.3944003118431565,-3.7378047735589206,2.5048519670083147,0
-3.211092923306147,2.0393861356375163,-1.1417249785113543,4.422156833314369,0
-3.9625095253554194,1.6543909398402445,-2.2057234743757554,2.201949931143509,0
-4.843417549452315,1.8263620885471226,-0.15764420036948945,2.997102202488713,0
-2.7495932724868672,1.131724115626409,-0.8969965376931369,3.306094185155957,0
-3.390591459182015,2.2330410259455356,0.8385759330943863,3.330516861632179,0
-4.490816887082504,1.6925590872405598,-0.8741446244651216,1.372188154772487,0
-3.6894343329104737,2.9922579040087682,-0.8076687347132716,3.4072507969958963,0
-3.943977292079886,2.370706339445193,0.48242393433984415,3.502178523473632,0
-3.535834619539915,2.2002965682301987,-1.0001718485126998,3.7562969369627286,0
-4.383300397011878,1.473335601908603,0.10354001188734299,3.6342587514088054,0
-4.4372551414994525,0.4683753118018932,-0.4018421526031213,3.0102667930611506,0
-4.726377575457499,1.871186750374104,-0.17743750843736839,3.0064946726753305,0
-3.256763219238514,2.3121217061145596,-1.7447006838031027,3.310153989224547,0
-3.983347449998102,1.6658819613173876,-1.7232718574024135,2.738324643202683,0
-4.156662911126882,1.6139865490849705,-1.504960862725601,3.872314311168912,0
-3.1502322443242448,1.4179759564111085,0.32221234561945455,3.568408188973468,0
-4.222781380692823,1.1839960561733813,-0.5496116906327508,2.950778812092392,0
-3.3890402121663916,1.6584956240132456,-1.1314642523985077,2.607755730287024,0
-4.187507436114831,2.216648047384486,-1.7780183268295344,4.14520335344899,0
-3.639166164957923,2.0481329535168515,-0.6410543306818803,3.2661484500163693,0
-2.683125219853276,1.2887413588344256,0.5612702714731754,3.018784363839048,0
-3.206443809881542,0.22948414805751005,-1.7045738651773459,3.157449977854103,0
-4.426960462652019,0.815937881325265,-2.1096091713886587,4.107784409459728,0
-4.262876855601128,1.6423381285501197,-0.902031166131535,1.7185068052795607,0
-2.923925803972645,1.229302323803043,-2.470552412495358,2.485002245900793,0
-3.823215355223579,0.9759294456764119,-1.0806761472021602,2.7809146537758096,0
-4.700469753820215,0.9724544917197945,-1.5472909297721642,1.8862972451846507,0
-4.478716346892259,0.7236444782882517,-5.901106080681776,2.4401298828723585,0
-3.3471651992243103,1.3323031366033584,-5.1395874898812925,4.807107190799675,0
-4.098070980713571,1.3573405717049922,-2.1141955260508487,3.715018114912108,0
-3.78541976972272,0.1999568348398082,-2.883933882712864,1.7762008212068985,0
-3.4527813734783863,0.6850789175884536,-2.3987349703144027,3.2128260063692577,0
-4.304973367841039,1.3906878781373,-2.697586170127238,4.065502186486755,0
-3.6120339218499518,1.015871104924752,-3.677782298128988,3.2348580356671657,0
-3.0293492512800686,1.0715216018417837,-6.231134156761288,2.353004780910814,0
-4.013704167724475,1.9040788767969514,-2.1094825633086316,3.280060110304155,0
-3.9494019985323674,1.5087593864527897,-2.4126036858061126,1.7139878122593257,0
-3.3605126210592022,2.456829438850123,-2.5159731132870493,2.912684000443177,0
-2.69849537087364,1.6243979587501165,-2.2909446195581538,2.006157967203138,0
-2.807559646547255,3.013645380411498,-1.8207448307559662,3.623582876826209,0
-3.298057957117586,2.403244139583304,-1.735597948985034,3.4859479184989772,0
-3.9455788921255723,2.8682686994429076,-0.07780854165418405,3.5415324999002613,0
-3.338172302044701,-0.21200988596454406,-0.3181622509371633,3.971607237960941,0
-3.4067538649169022,0.642856161297807,0.2784604429349874,5.024653975174067,0
-4.827742456021435,0.5137832599023873,-2.403226224277161,2.7809847945151698,0
-2.50638536659325,0.7228875110805335,-0.19388957030611964,1.9267979607721544,0
-3.462595678762249,0.6992815942666109,-0.4483930331702027,2.8099551530205704,0
-3.83397672959887,1.4138147998226476,-1.060709033632142,3.79961479435861,0
-4.033805207885088,1.6903850929349393,-0.5125278268464082,2.6194709811637513,0
-4.131754480027023,2.4522005464302996,0.9424501321555935,2.6254089259079754,0
-3.7729111556529156,2.9321342457062842,0.14855225309685557,3.5061047549346984,0
-3.74768794600155,4.467045224348924,1.280891223630092,3.329828461663506,0
-3.558242315363393,1.975294539179838,0.4705200466869252,3.6527530533832615,0
-3.280116578131714,1.3627509835702554,-0.6205465031255496,2.797204421246803,0
-3.6346891460366724,1.9574109071189392,-1.284003884453893,2.0247209698851636,0
-3.9352694156716477,1.3832164753360416,0.6245152817875032,3.0689914831697256,0
-4.7222292541782585,1.6204703622064116,-2.8765299193190734,3.464414134763015,0
-3.804067225097564,2.834834794366164,-1.0289397253660997,3.0552268873107784,0
-3.700389124955753,3.165573246582345,-2.14487253766181,3.870520531589243,0
-3.5010370268250415,0.3318088437129594,-0.5063827534108508,3.094725075398698,0
-3.9880182969773794,0.9346834204208733,0.7055150489198736,2.949695816005707,0
-3.879045230687196,2.339581925341667,-1.2044894185357922,3.8571440713301355,0
-2.8137891426531567,2.0091758880566686,-2.824182154491572,5.536379344908955,0
-6.676198544821369,1.0210544896095897,-2.9873970101083156,3.5159942350947024,0
-3.3707213254831414,1.8387170098777506,-2.404263168322392,6.844336563405804,0
-5.9535462781299175,1.792976617891538,-2.9393280944445106,2.0413094889505934,0
-3.638512190902943,1.6700083063049405,-5.903581919697357,4.0127699155423295,0
-4.097218852511469,2.4969504307188815,-1.1404134764925111,1.133242999369112,0
-3.7878473097041767,1.2677665534437375,-1.5001857699075687,2.4512668030029285,0
-2.7215791429571676,1.993424951417917,-4.4028446195105735,3.420840752268228,0
-4.524860739972776,1.5337519403009803,-4.425207949274383,2.6686058310526515,0
-6.985055621614878,2.1334158372018215,-3.1473329512543695,3.2575007665987448,0
-2.9570057919288777,1.366446597915207,-3.681652177001218,0.9080630476302494,0
-4.555592010770241,1.879330038993813,-3.7214644081937993,0.8221400927554692,0
-3.867198456955288,1.1788517513053591,-2.9482059257413424,2.893787937515279,0
-3.62771054265677,1.5771230751956578,-3.1140814146793376,2.102273641348925,0
-4.071063170156741,1.1092763174599516,-2.829931740635205,3.8907998553786234,0
-4.835050237398914,1.0931846308373414,-1.0675524426893692,1.2122914398914075,0
-3.141509868029703,2.870584209231515,0.7077240615281775,3.7882802974841177,0
-2.8454819868379273,3.422697153842301,0.40126569921863275,3.992031089178877,0
-3.8313681970468774,2.7231449974203072,0.4236172954965969,3.517107923251605,0
-4.177074484391903,3.061164561153877,-0.9555068792777686,2.966119021655746,0
-4.692570374392236,2.5294253488368357,-2.0585941883334478,3.6108409328433577,0
-4.183065838562096,1.6715434176390183,0.8448280469447695,1.3768265649788487,0
-3.968566277004184,1.9825697309356929,0.043696425181634246,3.2213445518525883,0
-3.592796097628853,1.8836745430401103,-1.2598893674839902,3.048213888289769,0
-3.339039051845818,2.6689925911429384,-2.110979961277521,3.2871990555618487,0
-3.818215147393381,2.2203104632768684,-0.5853344093762818,4.317366280066883,0
-3.4146404697013235,2.354012493303045,0.5064171917289315,3.2384496914691043,0
-3.384507705483256,2.495197054601682,0.3654337679061436,2.7516597098920315,0
-2.706202006757125,1.867313092418597,1.201189039429325,1.8865555933298668,0
-4.207750206851229,1.9288772904704208,-2.2234754811133683,3.596232208577004,0
-3.7113196320193365,2.22013254217447,7.031040082320741,3.310484655199728,0
-3.1407095585514506,1.2817843030369567,-0.3762133556341947,-0.0813602422511499,0
-3.9084426451014838,0.8891389558123861,-0.4029207581118449,3.3251142832688867,0
-2.8314696519770854,1.14737696148731,0.8187212492626426,3.547382983574208,0
-3.8900818035632834,1.6341637120630503,-0.39223947919544055,2.5671091638242522,0
-4.27174534945371,1.684256100064873,0.03748719227465158,3.1824138782978446,0
-6.134941708986544,0.4712007752683316,0.08316648508891789,4.132499119681727,0
-4.434775213202792,0.4337821844874723,-1.3173292694256686,3.938635236445691,0
-3.910096000454671,2.413026461915982,-2.024187102769562,2.743072304935211,0
-4.282712136913516,1.331663771766844,-4.488433326490296,3.3965288184930977,0
-3.059953944315784,1.4204294202245613,-2.326403861735951,3.624947676494127,0
-2.431845378641019,2.6738943490324343,0.8724694153527173,2.078250700990993,0
-4.2091834599091085,2.977685759335304,-2.6179616975323987,1.6075826981619195,0
-3.340214562467362,3.0256614618887605,0.2108040006116445,4.051721565970418,0
-3.2843571809552765,2.1668634630066155,-1.3017210119303957,3.439212082153891,0
-4.455626653771489,2.730760313336022,-1.142045718699919,2.7672858950534636,0
-3.9689535715598567,1.9932570652682609,-1.1216180498464468,3.215636581745643,0
-3.913063565653903,2.304490772745929,-2.7674041124395123,2.6098921418824035,0
-2.887684908694397,1.9810318791186121,-0.9960832524648933,3.0737542088914234,0
-4.3643835258951045,1.7208838207058865,-3.9874385237714645,3.927261121321785,0
-4.452196721246917,3.9220350051101405,-2.1695394429860597,3.5390404159218667,0
-4.367260462581722,2.510076063260283,-5.283211697817862,2.585296128560357,0
-2.7992455908949463,2.772270315512099,-3.048090604402949,4.036693467375479,0
-4.43024063238866,1.6700056914244983,-1.8830883855465057,2.5596878104912415,0
-4.112790140900622,1.5354257870572703,-4.287565821399966,2.1131259871483334,0
-4.380254841612909,0.6244695484167144,-0.6964873196511998,3.2340046490960663,0
-4.558710270519403,0.3504828478978439,-2.795178421635363,2.770088699672818,0
-4.121349424843386,1.7360090517835354,0.23373752173520934,2.7001160706695657,0
-4.958783076905107,2.4591895217965547,-1.8918503440472256,3.485623600551611,0
-3.048377969008214,0.8936588670992147,1.6028916591339986,3.588529809389381,0
-5.2508683582143405,-0.4611057594607533,-2.18056485665808,4.071097359034369,0
-4.260419103370093,0.790336737183215,-0.9408790262916416,4.639427639468659,0
-4.348602130811484,1.8398324870897138,-0.5361355056725623,2.8758160950812597,0
-3.282887686355355,2.84113056553747,0.9489433633185702,1.9602064825919383,0
-3.832740088179406,0.930540230496101,0.278078567597676,3.0676904345775506,0
0.1021033113379799,0.7447043264474049,0.5962900048231138,2.786008301793813,0
-3.6822626887317322,0.9619765757484876,-0.6899141384967977,3.547033949702409,0
-3.9052782757248523,2.7935113795326654,0.7049828835262748,3.0447361426220483,0
-3.923023805856192,0.41550247513879,-0.4332892335467232,2.6381141864168214,0
-4.458787242575977,2.3164538834555555,-1.5121958696682865,0.8289776744531574,0
-4.436174662892768,1.1613153012926767,-4.118247388672014,3.9749065828931975,0
-3.719802343530937,0.9328853941964583,3.5274453372814447,2.4631649522272925,0
-3.2490154681270687,0.4992453032849073,2.5990752993979873,3.8744770571295755,0
-4.485909319192335,1.2993696459725583,-2.7441284431799513,3.6727788683282916,0
-4.303652170827774,1.1446688875398232,-0.6916426332880937,3.3602643180865432,0
-3.5283486797335453,1.2590286014751555,3.454700212050179,2.176390465798,0
-3.3582519113285585,0.6342933928215165,-1.8268637363486762,5.0438908282210555,0
-3.682213972713606,2.3395104081050087,-2.4196810132344377,2.5674047579816035,0
-4.021046458513646,0.5764312301938395,-2.305817803276988,3.7057691278405196,0
-3.269782561061827,0.45315143033490246,-1.2515101796494517,2.7657741994691243,0
-4.094253009477816,1.180540978435679,-2.7387650280069957,3.9914540011888597,0
-3.4060656918473295,1.4007083580069977,-0.5284512928069549,3.4398844453585458,0
-4.680871298142588,1.7609506658805196,-1.9133289001695537,4.566232497098171,0
-4.343243192874621,1.4054777660328046,-1.8329684414756113,3.693665608651776,0
-3.2168721946094156,1.6771145636071503,-4.105173994856611,2.396427458047156,0
-4.371127049970233,2.64110026245983,-1.8030349270954815,2.5325703594537163,0
-1.771313917260184,3.0052583790358316,-1.5891355864762637,3.3970548963952045,0
-4.3249487691141795,1.7039281057342641,-1.66821390317954,3.416005273624924,0
-4.130648357580693,0.4280532327773071,-3.7867603082550927,3.782689684978755,0
-2.950100350530251,0.6278465072064666,-4.260204864619618,3.640415882206245,0
-4.027909894169057,0.371996594918487,-3.715660933239403,3.33940966321858,0
-4.557773335517858,-1.2229840094259188,-3.1159782238912683,3.2621508864633006,0
-4.680898632831085,-0.08747134293091952,-3.9965064771861645,4.579573604630953,0
-4.087346161099422,0.432487280303429,-0.5504212487545121,3.568923176296376,0
-3.9040244057799285,0.9107319436881429,-2.2713299535721196,4.068856837221073,0
-3.8913648269546948,3.2821494052484956,-0.658965121461718,3.1033531936286822,0
-4.029189401432207,2.6420124610067792,-2.706831628703376,3.823137074362229,0
-4.163820767381037,2.8924291048025417,0.3335111600956937,2.2101640133300022,0
-3.9004374459699216,3.647189483865276,-1.8004349552238974,3.3740247272009745,0
-2.9288094797448423,1.0055072535270417,-7.93334889038019,3.9724261442799778,1
-3.8066226353978343,0.6927985938752311,2.9814774121602925,4.533702733211272,1
-3.1750701062300113,1.4136091959174168,-6.692714148202292,2.440351233901359,1
-4.4589583814411995,1.244608733269421,-0.35471701147756446,3.472738839252713,0
-5.1367735240055135,1.6438647987133448,-1.4232866226892869,3.9385954169713635,0
-4.483435213372062,1.6703693431494873,0.15227447889820864,4.919230492317497,0
-4.961039583329204,0.7202401622808431,-1.7840069036171802,3.6338928558892363,0
-3.0206070926507014,1.1618511843667583,1.7013909633928532,3.5357566151282938,0
-4.9961692901733565,2.0316657424001097,1.1535579460809329,4.769173001647867,0
-4.533366039192299,0.9456679010263631,0.8985179345369493,3.1704339375896904,0
-3.370527605566987,0.8103487498883808,-0.5067060544083115,4.31800435796845,0
-4.905311419381445,3.028556257198518,-1.5294133085664177,2.7131089842328464,0
-4.282097663123758,3.0304691994744424,-1.026929350252672,4.764604698378368,0
-3.6157116299714946,2.6328692570212313,-0.9170929906376315,3.7522355578250552,0
-3.9657147830602195,3.7364983209299374,0.49479411466726164,3.370643866181977,0
-3.6040348597854988,2.869148535326093,1.4094669818445522,1.730598020048373,0
-3.3946580629253185,3.3178870808188154,1.1198333484927703,4.4147325917831886,0
-3.0932844720275536,2.2254774790364045,-1.4947404188164484,3.663007344891535,0
-4.994619283429566,2.3301834791458873,-0.039379678301939225,3.4107820058692724,0
-4.562839876269811,0.9097436887954544,-0.3008509400695879,5.439577639609617,0
-2.783754204369115,-0.00161404763185935,-1.08731840589618,2.361523855023415,0
-4.813988041158904,1.8898826477637785,-1.2464677974198628,3.6592140397610127,0
-4.8309552230525945,1.049419788373557,-3.2522423944707004,2.453260547393614,0
-3.817426388911779,1.0502423756581312,-3.1478945517608734,3.7349875645586406,0
-4.470188217136536,1.9750785647076452,-0.9522408180380726,2.532704319739748,0
-3.701423034724022,1.3926699014169672,-2.3866908268207228,3.8922654575085813,0
-4.586164135307148,3.769978126876077,-0.054827376369387615,2.65881346456574,0
-4.016187175740518,3.9650400624894147,-3.2717775888104135,4.478382992339004,0
-3.6078060299270396,2.137813587790266,-1.7744956654332613,2.842977013767727,0
-4.5225470333947575,2.3872151639283974,-2.1906847155554052,2.4823327318455872,0
-3.396989035246351,1.6898019667356587,-5.550363246353191,2.654330366081129,0
-4.53308579139726,1.5267078118839963,-3.4541403482889415,3.2341452455829702,0
-4.286722523605532,1.0975014025475782,-3.3124817917279863,3.1667664802524427,0
-3.445071163401887,0.9574609000801331,-3.543581084800742,2.363599216805764,0
-3.669748822607483,1.300011865854853,-0.5940453390024427,3.9500193378152075,0
-4.934436975347952,0.2120263983105546,-0.9616205901848998,1.8276753551008185,0
-3.8688700241430407,1.1921217139859113,-0.18898133759741653,3.08266913100106,0
-3.110878979886011,0.9559240919161269,-3.313484074305589,3.8848237695687566,0
-4.5967977324250215,0.9547116935855426,-2.2776646228982553,3.7210867617505468,0
-3.1681741660726876,1.4476597807234834,-2.7875645130269278,3.943091350600973,0
-4.267095049092908,1.3001716557277754,-2.557850778632501,3.218815093779466,0
-3.472945357673428,2.057005041623296,0.21589772601993418,5.08052856346722,0
-3.385184011783212,1.753341771926214,0.662507116194399,2.293431791780355,0
-3.656628554142547,2.2122990595783127,-1.0392205088208852,3.3404755124486187,0
-4.024127563624249,2.417704892354795,-0.9462198073838427,3.3548262332945304,0
-4.559585276019997,2.388195215159951,-0.12244062110003334,2.8715605799149415,0
-3.844170562047468,2.2827320943962355,-4.977936273914457,1.9029259443007742,0
-4.011487902958671,0.9771908967117617,1.4663683176540763,4.099861671475718,0
-1.2677256818014935,1.5302028497225364,2.4751469725777753,3.7856314625914704,0
-4.746457699472691,1.0212397070467922,1.0739939439627721,3.577035525805026,0
-4.352583427030368,-0.08293094800361889,1.5285211607667606,3.7416344392395446,0
-4.484449593568659,0.375080718437689,-3.2887625106692484,1.5936744446855284,0
-4.111126987473208,1.7408443750838,0.3527403996615959,2.647815373723046,0
-4.887756537905864,1.5103500475478595,-0.02781183245447936,2.611723957909705,0
-4.230235321121103,2.5114197664718665,-0.23578380259991052,2.4905981760648066,0
-4.159077685073316,1.2572071912589078,1.4250374302544384,3.880702942776391,0
-3.5544338595651634,0.7818730141065607,-0.664560520714422,2.0312158379295964,0
-4.753956941930399,1.3222568367859517,-0.5089491725319553,4.022606935023738,0
-4.890711690068282,1.2127700527434906,-4.063106727249913,3.474243207583287,0
-0.9447779137190557,1.2611440090391275,-2.065685933284776,4.245695155101915,0
-2.754847605293767,2.2859391074390345,0.16911848859244327,4.444954097225002,0
-3.290309306764519,1.3413735839078589,-2.3449984505085495,4.142212082437584,0
-4.725685461773506,1.080367062945717,-4.342819944770843,3.8889121433727523,0
-4.0744744898386385,1.9772231260768076,-1.2996833719248233,3.627749601820162,0
-3.341477729333306,0.6580417707523194,-1.7038702784658977,4.427258626702964,0
-4.557933998574645,1.3991261176425946,-2.801138209143322,3.095425670152497,0
-5.082254740890675,3.065152764568582,-4.952314459871417,5.077495010784141,0
-4.3686163446176005,1.2827384966784214,-4.47302358517491,2.1124172225883138,0
-4.353496987253591,2.0227742108480524,-5.044291184510211,3.0142042908368603,0
-3.4113047625595057,0.8560516194173088,-2.8801452490243906,2.8987582642578995,0
-4.689468316860173,0.622706672791004,-1.6044625787481532,3.2107716344820743,0
-2.934322285457127,0.39452128938655084,-2.85722520246082,2.7104779140916753,0
-4.622987813722542,1.128576513902673,-4.614582475017023,3.281475116892587,0
-4.522105283351001,0.8419691591879129,-1.892479720313213,3.7965117553847545,0
-4.6004651589678325,2.399249421431523,-0.9105185481477622,3.737556437476763,0
-4.360735778225825,1.9153585683907808,-3.355137943661985,2.2824550303966946,0
-5.291583457556867,2.2298163043373167,-4.011181804776557,5.169764480619539,0
-4.321399603333436,2.6642488486556335,-2.6556099754258664,4.589573947232567,0
-4.286083926806862,1.5419054005417019,-1.2569375528936748,3.3081610583615806,0
-4.408479271819019,2.5893838455872107,-1.6856912192754254,2.4034968910718684,0
-4.978943159928313,2.674972842113834,-1.9329803173615085,3.1886078095641395,0
-4.140524078858753,1.1924700187617656,-1.8263502597709498,6.509417123856538,0
-4.532741899180886,0.11322389285263368,1.810108807310244,4.278182199663962,0
-5.004650047322246,0.6591995897619035,-0.6329947259934214,3.6413563641846114,0
-4.078167201655113,2.9054818277565495,-0.14610366520149368,3.3169720998476286,0
-4.300125258400479,2.254557617508847,-1.7008139702005822,4.248821345313566,0
-3.8844748442965997,2.2337059725468,2.234237177909403,3.0930613885966314,0
-3.483117418621711,2.349234936028505,1.5587179576090529,3.749810273333814,0
-4.342311424239735,1.2282981606428565,-0.793726666305191,2.9936520680515994,0
-3.61421978315274,2.1027952093665156,-0.21753507028406355,2.3756933564275515,0
-4.366053095730795,2.1143507322141226,0.44879796445879816,2.771931828434524,0
-4.119269021160455,2.0298391659152486,2.1309445954508703,4.005131077869542,0
-4.042190537034002,1.827102861135216,-2.5539853165389,2.3102293465730517,0
-5.0655037080423755,1.5049869153153375,2.404477676958259,3.0455614430886278,0
-5.121480637017849,2.2601924149635475,1.3788861234584728,4.22783510510185,0
-4.237419348288321,1.9025015293682574,-2.292187682984449,3.5443935403958227,0
-4.447320044742834,2.478045150564322,4.846135010111574,3.5206014936738885,0
-5.053651613829164,0.6904235960069605,-0.2745169064079682,2.886764576372237,0
-3.5535269635143374,2.1140509978763795,-2.2731528636928786,3.814295964664852,0
-3.2857661786141605,3.46275489675131,-3.3159497479461555,1.8928062691282044,0
-4.920169485945654,2.7973171078203545,-3.4890986776826596,3.1464107263272174,0
-4.593830011234757,3.79443989381105,-0.7220674119268053,3.3574881063284088,0
-3.7976157700665554,2.223011529895338,-1.8776692545302978,4.3688103973652375,0
-3.7049015837490282,2.020403353433652,-1.513699982431287,2.385110401036197,0
-4.730800571189877,1.4200445970009632,-2.220772351341103,3.371606118908339,0
-3.300134632172549,3.0544187505308624,-2.4546914766902757,3.2303983861650796,0
-5.961737537041799,3.402454509036277,-2.8970494607768495,4.066837910531741,0
-2.47725932718893,0.47953432807928964,-4.436738840113204,2.655708662255462,0
-4.516982045128664,0.21966359416550008,-2.4946471704406203,2.9880012795226283,0
-3.934551807171869,2.721487113692742,-3.8449965374238984,4.454385385586084,0
-3.6346220960046787,1.7272158430271303,-1.319187508563844,2.209511401244457,0
-3.9034785489850092,0.78876320973574,-3.523474461861187,3.6992259406036534,0
-4.050026237176602,0.4241501624359463,-0.8015696010991691,3.693409625765434,0
-4.47363250492222,0.8560241844018621,-2.220652471611034,4.860467547826642,0
-4.314456402820485,0.8516509691846497,-2.6631559319210987,3.0959820039125017,0
-4.505435025111392,1.8398450942672309,-2.2507667385358716,2.445144342132153,0
-4.377786982788976,1.7367744330937709,-3.061845860511305,2.6778152519809204,0
-4.705684670037359,1.4560954482333899,-2.5138804221024524,2.3631983375139596,0
-4.797515526321669,1.1562857457561526,-2.2036232917651697,3.9285465344309074,0
-4.3798030897439615,0.6301595447513217,-0.781292493483708,3.1356614496793034,0
-5.639770332970748,1.700259793750758,-1.80923766958411,3.902279301211438,0
-4.631913191691136,1.0256241070726175,1.1235438616531228,3.365925563970853,0
-4.540235595645007,1.8459841614526231,0.587455644031308,4.259914998767988,0
-7.344043117577288,2.102163743849458,1.0926337489399387,2.713554137999556,0
-4.5867488674833705,1.7335649371239141,-0.5901545212144226,2.0881551238371037,0
-4.741937107506618,0.8264018800827789,-0.22480093774808632,3.4580777319941234,0
-5.291054220601305,1.4266623655198862,0.50154045270503,2.282499782933353,0
-4.8372280412737645,1.598964262978575,0.984338234423176,2.66106583922183,0
-2.6700269790003057,1.4673272025072441,-1.2433042159845749,3.4062635735146105,0
-4.395704438424086,2.492824195989515,-2.3289288118046985,4.184546117675552,0
-4.9996985050699445,3.545702332535205,1.2074070089111035,4.681869556328321,0
-3.935106383844978,2.8109233918707077,-1.299718902611486,3.4030099775894906,0
-3.985949036546918,2.4425316541630773,1.305201084601919,3.1427134528391676,0
-4.08694351106572,0.3334827292145057,-1.821187881514447,3.140105070016533,0
-4.93707319186195,2.2349549256988634,-0.12942450797520993,4.2824727327157435,0
-4.783393816325362,3.6394059733120954,-1.8871306050617385,3.644375872769087,0
-4.456238977059051,2.6029310518793407,-0.4488352433590356,3.165177155350394,0
-5.859312189431105,1.3962920355920299,1.2463167472627712,1.7643666010107155,0
-4.170103894285334,0.82626121788343,-1.4741971211671752,3.83138804923354,0
-4.689779348037192,-0.13027666980619612,0.6401243514456043,1.9557638929187942,0
-4.563964943616338,-0.067021718743012,-2.5348764027212436,3.7493334601792654,0
-3.96287324946484,1.8201399441844128,0.29612281591884315,4.0822922456104145,0
-4.776228145916369,0.8657397642943566,-2.7147668064389703,3.1719069320586177,0
-3.8470245080560876,-0.053032936574739065,-4.473772443582102,2.8722311265159446,0
-5.02200425622321,2.0828942040226046,-4.572977732224144,3.278681842886585,0
-6.551548421439753,0.7168394830274423,-1.958852610681418,2.8713509426654014,0
-4.8593292711753255,2.875269287584735,-3.514791662158978,4.094304748320932,0
-4.288401681130183,2.633235506999431,-2.4168913065418294,2.9510932937088326,0
-4.573924038861016,2.282242541446586,-3.781799983739344,4.110154535473217,0
-4.065482519688667,2.5604580893557776,-4.339888606320243,3.441182516266743,0
-4.421505435587632,2.003490699993092,-2.9771239782184833,3.9995225290560965,0
-5.128951580705502,3.351532512769974,-2.350674411551494,3.7658106146519774,0
-4.719814164950002,1.6651210244758277,-2.747304243417538,2.4083727429773916,0
-4.227465723929379,0.9365559915164013,-3.2826085880602736,3.2118013804426955,0
-5.1067064817914805,0.943192073331091,-1.3182487529938136,3.9336555206001265,0
-4.1824068214624885,1.1998139063333406,-3.8827959846494022,5.024706755618297,0
-5.170044249591587,1.0675897838178585,-0.6860511091387735,4.487870564494743,0
-3.1487241786321603,1.0244176874225124,-2.9026036188552293,2.201960761065509,0
-5.140507089231613,2.1641076438092997,-1.1539365831960393,3.9770901482199115,0
-5.560328344275069,1.1027250513172593,-0.9974669166084018,3.2134088546623785,0
-3.5986418074083324,1.4197133274449087,0.6956583251610746,4.982905387925992,0
-3.1450925194010493,2.0334686643851896,0.3425656193658655,3.188809275637705,0
-3.379835799458079,0.8272453372309809,-1.1952164586490341,3.1947235660431774,0
-3.540209976562353,1.0796415816790859,-0.4000111503673229,4.4481365494238,0
-4.551574512615066,1.2816459728866965,0.9505037544139445,4.400563982981929,0
-4.758351963191925,1.1911263892289528,-2.5833835246066847,3.380464878027789,0
-4.655673241023098,1.5864611378425526,1.594495572633276,3.7132034120753152,0
-3.599788593346902,0.5334527490588978,-1.4530880924804812,4.086429366576798,0
-3.5690095113706635,1.4732921405660773,0.4126572784423156,3.601940293905362,0
-3.54931742459938,0.3690322989456212,-2.761365281192332,2.292669178086201,0
-3.549443556940823,1.502879060871629,0.11694708130186672,3.287279018341225,0
-4.566914074019121,2.198536831263672,0.7797381503420794,3.5251850620336658,0
-4.888167270134666,2.123447750452618,4.314314657563458,3.794873961527951,0
-3.7601027652510304,1.2390769108393442,-0.9011596208017024,4.128256893640142,0
-3.7430120329638776,1.8914671171581303,-0.7647230937708388,3.5503655161705754,0
-4.773248298769993,1.6303359024397135,0.6210784222870765,2.3449348799904017,0
-4.366040700965293,3.0792123117850876,2.319683945492839,3.7724530044821982,0
-4.783895103678134,2.9418920800393904,-0.40315830931777286,2.55452526592948,0
-4.111689132932632,2.122623559310337,-2.2972109792252553,4.5892994222562296,0
-4.011057412067652,3.3089286506382334,-3.582577890917538,2.296272390331005,0
-4.709086398733189,3.0326043062308323,-2.245748643097589,3.543250318692725,0
-4.38720050530929,1.258339944428437,-3.1221347150331002,3.310157212455313,0
-4.7947362393080315,1.5973621905796545,-2.2944476560656595,3.1068004755541816,0
-4.807673625572867,1.5310354691853498,-1.7427698694134897,3.7943738362721318,0
-4.763162541675752,1.8989675117858038,-0.6016216260158527,5.272121006908282,0
-4.389993654783627,1.9417406941473643,0.6458099281616403,4.00075123147277,0
-4.903999281814887,1.9762406075841334,-2.782219410512726,3.609730138514054,0
-4.675059487362441,1.0403065833934129,-2.9795188334558667,3.2075686931716745,0
-3.647464274076309,0.16430781903976266,-4.533108101440655,3.4989730849092884,0
-4.714065250229837,1.3637082510396028,-4.3487538128753265,2.948696829964912,0
-5.425706955995164,1.963567954000378,-3.7597156985047615,2.9124379624523735,0
-5.217831709112105,2.192497941319428,-1.6693147349246464,4.81465827096004,0
-4.561234083515942,1.438584350386127,-3.077551147037874,2.872931653520353,0
-4.517688222735728,1.0204834066794364,-2.9046857691273233,3.9217681550866983,0
-4.6768460607237765,0.4513209904965798,-3.448375463767917,3.1432256952707034,0
-4.034385417279826,1.1400943572980569,-3.746480927701148,6.516126182076066,0
-5.117198664360039,1.0940163143841193,-0.20854431219153358,3.8413850115921444,0
-4.823913971730205,2.937522687003588,4.810618492389482,2.7130146839986247,0
-4.1907895472442664,0.5765167847949797,-1.7375657175423613,3.184486612911565,0
-4.756076681601935,1.7809041489740114,0.2323239891629263,4.8626033597103415,0
-4.600359684521195,1.2792621832967974,-1.6662657094640798,3.5853271550403853,0
-5.197265794252228,1.57092340109707,-1.2053656436037854,4.598878389499734,0
-4.904966199282442,1.5483703758099525,-1.8293215956347257,1.5124383911574353,0
-4.615868466295922,0.899703302362947,-1.510671243513357,2.781958620459409,0
-5.658618377191035,2.12429432815569,1.3280701246342193,5.270367539580982,0
-4.839543288774905,0.5950043377088412,-0.15365221848630312,3.4351466710054974,0
-5.060709325339419,1.7308891389823344,0.42858853467981334,4.91145232365848,0
-4.604210597990009,3.6471132186475446,1.1800197528971081,4.169048264622329,0
-4.804216534753073,4.479057404042864,-0.4375794611748608,4.6497864879086706,0
-5.02293570256528,3.1113185008355035,0.64909100699206,1.6784191253192977,0
-3.6728269706659726,1.3733524216983257,-1.9795228333409738,3.646272325808315,0
-3.8120130300395942,0.7186956822994847,1.1812124896030411,3.721413870392429,0
-5.680096845502469,-1.161211213380364,1.2085381879311914,4.096520923134243,0
-3.9790815464633873,2.0750611030690562,-0.3858805819738303,4.009926036158224,0
-5.300444093899726,1.2978033986401685,0.5040863880598085,0.8962138984868191,0
-6.0684603312139345,1.9312704637616842,0.2850474294015811,3.017097876645945,0
-4.3399198940940105,1.3070374157208757,0.7804930522477749,3.1879475086321487,0
-5.761576436309306,1.1542747730814027,1.0196525113601762,2.3601186953640116,0
-4.257133814418471,0.23115718525477558,1.3535160266200945,3.396022808710142,0
-4.173754990225228,0.13919270431373887,-2.504935267555155,2.255290603555876,0
-6.114827312667241,2.145104398333601,-5.514205684218133,3.767730663775958,0
-3.870233837552213,1.6362273813933221,-1.2051383900061463,3.5497690773810837,0
-4.556710970481273,2.645003269607188,-0.13935626947572266,3.2188702092860275,0
-4.818094417883301,1.869392406016439,-2.197553731700422,3.318108496198402,0
-4.844380488811523,1.381163645876624,-1.5084513947440796,3.304964222247331,0
-5.015772111172884,-0.10493182134790935,-1.6798077646413885,4.397630547541544,0
-6.953076729217468,0.952835890086349,-3.2580167474736887,3.2247999158254768,0
-5.53367212902816,1.178565284898369,-2.113725955326892,3.486085134084692,0
-4.51685693230798,0.41811140431325766,-0.04479160121651837,3.998937156534679,0
-4.666198716587337,0.8622254226720545,-5.580501683676737,2.8987899732157634,0
-4.07215844461653,0.8019964909393725,-2.9367622179863155,4.404305319718497,0
-4.339574460578418,1.6180714038042214,-6.802771030835158,2.7985202698715828,0
-4.143031627724143,1.3013927422121723,-3.882782898963243,3.46691860578997,0
-5.249166704067919,1.710413224443368,-1.4067614039641445,3.447523776325789,0
-5.085799531447305,1.7688230812378856,-3.355545413597461,1.7735327427426417,0
-4.812633765612413,1.1692753039969275,0.05825457251404664,4.354550164759307,0
-5.325432281736909,-0.1257793422503275,-0.5874498913410595,3.483611685168418,0
-4.002418930611432,1.7593713849216885,0.920225010251774,4.378633230180391,0
-5.195841767669885,1.7617879344361818,0.014300946900884348,5.401282204124576,0
-3.8978389628646193,2.518439096772477,-2.1346737143291046,3.7855836529348306,0
-4.471414712073222,1.436728468034797,4.309602549942048,2.241842740749291,0
-4.011945312821648,-0.3453660408035364,1.877590270075523,4.73897021914971,0
-5.479976115877215,0.48082495177646845,-2.2617364356366014,3.7878168902193066,0
-3.774399751630914,-0.0525392841491521,-2.582887216684935,4.003693747018315,0
-3.9944308580025294,0.46116160399176653,1.149941754312248,4.565566342308421,0
-4.511385904482953,1.4242625691039767,-2.213702031378854,3.536442652776119,0
-4.336930078397443,1.2039891997246308,3.146112350861815,3.9578772802202717,0
-4.718648326122284,0.9725332815168479,0.17995270011014167,4.651886595038611,0
-4.315729356833894,1.8797238451855638,1.2652037958862556,1.8938088923758323,0
-4.2270270405896175,3.4906348163315153,1.8118282492362847,4.170494923676366,0
-4.6897372388708165,2.618692372890658,0.38411154089671695,4.69034662263752,0
-4.487902340816667,1.1698619416882106,-0.30506286037618896,4.669903375886401,0
-3.701167256904843,0.5635065700500235,-0.24916442808042605,5.260151907307465,0
-5.245925948165231,0.08536749478740946,0.05746616348548195,3.74982304943152,0
-5.124226689922625,-0.5898683098774278,0.017512529504330687,3.450376381745542,0
-2.2586694784000483,-0.29472351326966084,-2.329309745386542,3.396326616312378,0
-5.608432028953364,-0.6670622466970149,4.276970123233877,6.168694617186123,0
-5.024911735184814,1.597670352709415,-2.396646341151423,4.372242591484663,0
-4.279784422697189,1.4411900284197574,0.3459526996474207,4.35056872409274,0
-5.263893064245097,3.0766873751091377,-0.5244571722650612,2.8761123600855303,0
-3.4097531626017012,3.1615174655135556,-1.746682239093345,2.3367283621568817,0
-4.013693092253286,3.149842514584476,-1.356315574684946,3.8012796014434374,0
-4.8349682494010136,3.245576789654854,-2.6381593469371207,4.1734405509348775,0
-4.389544715377374,0.27081622933387717,-0.10094464445773088,3.558131757321801,0
-3.5307692656635785,0.5395835356357017,-3.0517808803091637,4.567471052864578,0
-4.346404753635167,2.243229977894959,-1.8935724312096076,3.109252949060578,0
-3.9890530835243787,3.0196410686187742,-2.196311533309191,3.8291302148111144,0
-4.277068664316573,3.8446695249814464,-2.464201656455353,2.306557223742022,0
-3.5340357992818636,2.313479744759522,-2.206754015642781,3.823842384804048,0
-4.624831544942889,1.741319208885317,-2.8781339045211003,2.9463852038647125,0
-5.097530782985636,1.511456408884784,-2.192799324587021,3.689767388580476,0
-5.250817454678973,0.7724305418586577,-1.66500807238201,3.6277474677558064,0
-5.110317066238243,0.5277068609057713,-2.6246038247196735,3.4391725653100056,0
-4.888344069752749,0.6769481054582647,-1.2922550913935273,2.515308239031552,0
-4.131146038673056,1.866663433325332,-0.9286584355998504,3.322602921771297,0
-5.350270476743636,1.8739521920723388,-2.566189680208582,5.004826688686693,0
-4.925572311631171,0.024710118548434856,-3.895150560894736,4.609393704623763,0
-5.129520211838751,-0.06900532578380991,-0.6041837190142536,4.118629583824521,0
-4.772544161795011,1.370509469558557,0.1299893881876053,3.501375466886925,0
-4.276875510548542,0.8331472110983141,-1.7712801932625322,3.0655610553654444,0
-5.10320368219662,0.21884752879886626,-2.195736935185008,2.261029809878909,0
-3.6834400787492507,1.966164839915059,-1.4697528613961075,3.9043373926163936,0
-3.9845858470826054,0.9474121767196602,2.3933988078290906,3.277767545612846,0
-3.954715377801807,0.5383240004991965,1.0275651369921064,3.2383960535552396,0
-5.0477334867611585,0.9160417734160567,0.5749820586423712,5.006261931720028,0
-5.658900554231857,1.1218072194900706,-1.6925431023635407,2.4889586714599403,0
-5.1804664077729345,0.8656196564491235,-0.13978370798491155,1.829320409054092,0
-5.273931415410974,1.0902300371981937,-1.7109952496987075,3.761181588545249,0
-2.2961559153051048,0.7664419645742702,2.140006414841441,4.04860514659231,0
-4.985196677278227,1.7921409133484305,-0.6715152179757151,3.2769036334081165,0
-5.385398613855392,2.408297140263998,-6.319169533389434,2.537978955918034,0
-4.575072942018939,1.2627294985939135,1.8678615727307164,3.2256823102395447,0
-3.1534594440832437,2.2040973617534934,0.11659024122799763,2.9983939841707374,0
-4.1179800968653755,2.4714332513687203,1.0566072866444822,4.196811788621302,0
-5.162267013569137,1.01011812539044,0.6769595693562445,4.505068259572409,0
-3.802313062344994,1.6429046026700107,-0.33299393664126087,4.760293492279785,0
-4.192350869174472,4.210935098940799,-2.999133632897312,3.335062708877829,0
-4.676850855334417,1.1942000269007675,-0.5935824520932762,4.442724345838764,0
-5.700709126126946,1.384900912947912,-0.4483641196266178,4.35208268524546,0
-3.5712027242663495,-1.7812893377099115,-0.10448095643575273,2.6007401134704047,0
-4.619966000030448,1.7941982550986424,-3.2820421872911067,4.487199638098389,0
-4.556222835849033,0.9746020589982775,-3.201057216486171,3.66723817531204,0
-5.348330241835539,2.1076224604457376,-4.298471881839907,3.0802989069561644,0
-5.143407347834864,2.4718510627901584,-2.3474676665109624,2.7103362093881636,0
-5.266275320261183,1.0149141580318375,-4.639913282613734,4.099076064024129,0
-3.921812822542928,2.939066638207211,-2.603206078547242,2.3572632103060807,0
-6.208818429099497,2.0080124089762075,-2.4381887310830126,5.172666362295332,0
-3.72280423615101,2.588492525466569,-5.420577401195189,2.516493839684341,0
-4.190696968947655,3.8079492987200543,-2.718236920864723,3.808928153093732,0
-5.817260938048987,3.3254871339333363,0.6050166937192731,3.256284461320055,0
-4.629766581664417,1.4654257099502939,-2.547040374031837,4.203994760409077,0
-4.500588230909246,1.3467241158101837,-1.0397243632055255,3.9781632569812504,0
-4.166127804169399,1.1057672675709838,-4.453634267550184,4.394802515634513,0
-4.945829866251054,2.06543724151073,-4.296628312378683,5.288304451431312,0
-4.17719011397054,1.6096345109142687,-2.1075057336618648,3.373640704958729,0
-5.007529766163918,1.1675398363265885,2.4208756463613352,4.105622171368845,0
-5.313142773642189,1.4745293218701787,-2.1620575431753557,4.282821275690261,0
-4.870460870406967,2.220676519198663,-2.891253137635145,3.2293360499022237,0
-5.464225933006589,2.1009760472214167,-2.9687341630636475,4.429971370262265,0
-5.06281737415696,3.2384902054169005,-2.284963980145399,3.1010336568933,0
-5.132614371228312,2.026709761660766,-0.4095337304924359,4.897456695229438,0
-4.190208010143354,0.09544103867276332,0.561901407774412,3.413404674735656,0
-4.66634692048075,0.12972648802793474,-0.08712028654451176,4.076996836323669,0
-4.783767826697758,0.709907177321186,-2.100692103143272,3.3969975815756634,0
-4.184494407892496,-0.2145724388812047,1.3292767559003718,3.8367455295656554,0
-3.5436666765703064,3.9867399592578243,0.6369502646163234,2.8347484666583855,0
-3.6521741235038965,1.5811405707202522,-1.7617064229154813,3.2056299197005225,0
-4.753589199535645,-0.18869350646472904,0.039876252051476976,3.147548579424893,0
-4.779488007985842,1.1281076108655501,1.3573462862038528,4.494333718369029,0
-4.414158669367179,0.09141849416880765,0.7859813948503852,3.9478594500416953,0
-7.41241251853026,2.097537668649898,0.8145560442684825,4.089939793049286,0
-4.188591867734117,1.4624376049546468,1.8372453799388841,3.88186704172491,0
-3.7182378954349566,0.7383093877246732,0.08762572144595425,4.821103593937727,0
-4.159498699070171,0.7798747526873133,-1.9230774325353024,2.9359737235277716,0
-4.537193345185554,-0.2480166884630619,-0.42871395688772124,3.24247017307313,0
-4.263142138226881,-1.4288264495209275,0.07269915796210269,4.509287516791865,0
-4.828457633108531,-0.036853882520071934,0.10061733183535326,2.3225757446362425,0
-5.062738513773203,0.49803509044924654,-1.7092133122168909,4.020061616617541,0
-5.578759644035079,1.2573700023780212,-0.6850280468794688,5.132608693359433,0
-5.023707382509655,1.804549903560488,-1.330742511601617,2.126593313235323,0
-5.0255631243711925,0.9678012065203305,-1.0954252781298885,4.667405548419417,0
-4.899409750513177,3.24450158058758,-1.8580527154490156,3.8140145770957585,0
-5.481930103685743,2.6640019768479317,-1.6822144534843013,4.068262491926718,0
-4.423828899286171,4.263179573985893,-2.3286988014135157,3.09297052977296,0
-4.916868521260521,2.7303705089255015,-0.8302373556065441,3.2029593737835826,0
-6.073500079849412,2.4721913693088373,-3.2786066009583794,3.8817399304862406,0
-4.155332998422508,1.5394253933598865,-2.719003004699503,3.978417355128221,0
-4.188615399776356,2.2500825489588783,-2.4954452057794616,4.260832424077985,0
-5.094120503808799,1.9331178126466182,-3.966993033294109,5.345197356611969,0
-4.7668306262841655,1.843236446159734,-5.9248134491098225,3.4318877821826086,0
-3.4306795413895435,1.723564641793687,-3.0218306807525557,2.035708404107383,0
-5.010838679447246,1.0535242545350707,-1.619191617272815,3.868461207560898,0
-4.956965192097035,1.77796121047289,-2.3730911073221885,3.5078706426915014,0
-4.334168450898524,1.2591002319234708,-3.6893053360957904,3.883810553576467,0
-4.860349555035899,2.572951691151304,-2.7011627034264083,3.2188057566097923,0
-4.592582459041365,2.7058336857744525,-2.154925024835076,3.567650729340274,0
-5.973018236063821,2.908115081591644,-4.445865491643607,2.4483999411775565,0
-5.230642525611173,3.3562840600744486,-2.7579487036016697,3.3551856074275004,0
-4.985960747133987,2.1810468633240707,-0.5678325443089968,3.192788871866203,0
