Sensor1,Sensor2,Sensor3,Sensor4,Sensor5,Sensor6,CURRENT_FAILURE
2.855786077342011,0.8832178341515786,-2.402240743889518,3.6598640642289104,4.3776592955886615,0.08869684533794728,0
2.7346729879631293,0.39378385843387076,-2.3512545014222916,1.9955808812822509,3.0456297130186463,0.40030844387805736,0
3.0819418406028896,1.9366025325361669,-1.3343062124784253,-0.41350721770657195,2.324991180467181,-0.6856706902528443,0
2.028569541770911,1.6694635483147084,-1.5797037624823005,2.2126047512151037,4.088958832879235,-0.9170906156623513,0
2.9926533070761723,1.3387048142595233,-1.557295661631344,0.5359513744329167,2.2794941069976664,-0.18428177583178437,0
2.0972792068013817,-0.8488428919661755,-2.5254576238087214,2.77111151055795,1.8783835403142168,-0.6336017411363378,0
3.849863071320173,-1.090382725805398,-2.1486276546526795,3.0751662356744145,3.4254830483484557,0.31459385776891285,0
4.073295311159169,-0.9378916569217783,-2.0733102493609623,2.407719853103707,1.33168614489746,-1.0752854727782826,0
3.224088389958071,-1.174438365790007,-3.1821117718330187,1.9152447964531054,3.2036468459840344,-0.14793483258959475,0
2.6731897037784345,0.7855253962880058,-2.7036896163168387,1.3499666754358364,3.4288409649677543,0.9289117493441517,0
4.09347068443554,0.7691548363381071,-1.8229928687495636,0.31717432295499903,4.332210037884092,0.14954098197746996,0
1.8641728993199553,1.8958072182311003,-1.467215806528814,1.1250837477843572,1.5561162134998736,-0.4048301190985445,0
4.63392252342597,1.8058565744076662,-2.35207434423077,2.2586388604785146,2.3164936922583825,-0.6441926850021391,0
3.1236419387313226,0.28297506876476164,-2.4941640259219664,3.4439643660230645,2.5864745442065393,-0.27893160257021615,0
4.4179580699781456,1.4668005320656097,-2.4349910584578565,2.0908482249075466,3.8485671169470317,-0.844087335854378,0
3.8978949366148172,1.0429728139324914,-2.285400076406791,1.7884128261794399,2.57632366087207,-0.6782470563134781,0
4.035755340721131,1.2243837599336476,-1.7447922229852035,1.33925415096865,3.4405771780169743,-0.6889219894871723,0
2.842357772685377,0.37255821908153114,-1.5624727472852489,2.6445507139621314,5.754161612886743,0.13069138995332763,0
3.3270012110789633,-0.7774478994747596,-2.3564609785326733,1.7689242197194521,3.8282342056085663,-0.11921308532465914,0
4.151104752510888,-0.023208275482958007,-1.6066413955095304,1.5894656142115566,2.4561000437867886,-0.7285426480056207,0
4.5490307195746755,-1.1548890927173323,-2.0350957719628897,2.742007495511053,3.165315853003861,0.7577923913640081,0
3.508777238082342,-0.6886258842752369,-2.0432219786258057,3.720869638978197,2.312211199675355,-0.4899037695975571,0
4.164517769198307,0.8446899710705855,-1.7330482842357307,1.5129217959016796,1.3436176596114322,-0.14129615576810364,0
3.714958520831295,0.7036679803605923,-1.6088500219248718,1.2863301703278722,1.84526454387154,-0.011127423663710601,0
3.237680938802162,0.7602275040785906,-2.609021796873359,4.019632203837656,1.9564449738808656,0.11112224877409733,0
2.8224407653356693,0.42008568507098853,-1.8914956333895228,2.633930245934768,3.8571485497676306,0.5048640975610192,0
3.234461314160285,2.5512325625634142,-1.1639420924852895,1.3451822409956193,4.163136738796339,-0.408599338070096,0
3.0728730321274833,-0.33591024716484696,-2.5718123224345635,1.8255338075142555,4.643462100091245,-0.5045929238833331,0
2.836382647688614,0.5667102639535111,-1.8567353504576778,0.6385831450440698,3.103991859732515,-0.13044297666699142,0
2.2725316264107036,0.9610768633994526,-1.8983308685603786,2.223210204351077,4.186394698893957,-0.20651362416214245,0
3.1500284592022085,0.5617508929992983,-1.7442946404203563,2.1859615456562533,4.9329698284601315,-0.5421438932103477,0
1.9799955349408962,0.9295356469583543,-1.5822561315568242,3.558972107219642,4.47913570031888,-0.09402679190992454,0
1.776799852216088,1.2228997774380674,-1.0332547717207987,5.196206313810219,1.5447290553115962,-0.453699528993503,0
2.7245696814948066,0.4982452649992649,-1.639114721166904,2.6165566870505033,4.147756166513413,-0.5590779454788932,0
1.9107645195957237,0.3033456299203388,-1.8225197161160156,2.1707489680900047,2.860822430775281,0.6889065069948316,0
1.4587484620363327,-0.5422420934356489,-1.60290744647254,1.8206905686085149,2.614903141358346,-0.22108560454150505,0
1.4582087877124301,0.8459232238001295,-1.672890215331279,4.17463136494871,3.9890614202106898,0.4062755584628053,0
1.991339968688457,-0.38466677973049634,-2.004604328458434,1.6066093488613111,1.3747226297613606,0.32002536109373503,0
-0.7407120039975081,-0.6381840909246712,-3.16194010989944,2.315318607943401,2.488124752128256,-0.21387677981362746,0
0.9924589109243576,-0.12257012579557314,-1.732016623164864,0.017249132062922445,1.9668375758716623,0.8758968152485264,0
1.351861253677607,-1.5273167199930666,-2.0252051392811645,1.8368362698321306,2.9066481872915584,-0.4914223820491478,0
0.7511810544572151,-1.4668712336424763,-1.3820025824446922,2.453482201999376,3.2666305573217023,-0.40746232803712246,0
0.5506912405750759,0.7084545182951263,-1.1776170570133564,1.9296518821947786,4.998005096949401,-0.9669731434601455,0
0.728142241049364,1.3835708274935616,-2.3123086278952054,3.57622381366107,2.4124682771872408,-0.5923096154195996,0
1.0434618813860534,-0.0942711998678023,-1.8811556311173852,2.3105376444082695,0.35136077792223896,-0.22530627552731708,0
0.7912520914452983,0.9608843696430595,-1.3649478481037562,2.6884883192135334,-0.1658017455789833,0.3485562543538182,0
0.7320683073865987,0.5205941031036685,-1.7549520616814842,0.5621307054219387,0.8969185226169634,-0.10725792924437089,0
0.5852940853023977,-1.8281424628914462,-1.8701743547926497,2.956659202602234,0.13283079027226208,0.272986893538792,0
0.5270621545446177,-2.37419308810887,-1.6407947937241318,3.3835386366258167,0.1887151675120875,0.22663547444522386,0
0.1408309076451142,-1.0944867213087524,-2.0086011217312456,1.2123074437673136,2.817413717284023,0.3067888019281187,0
0.5814783689455868,0.8466807727625639,-1.1530123017683516,0.7230409434544565,2.2734629948797354,0.07881826589706631,0
2.448601325145857,0.5782792411102764,-2.1850728063905813,-0.13254633120298642,1.2250348512585556,-0.2613925723808193,0
1.325242394900695,-0.024382960850344665,-2.511250549733301,1.7891960319274371,1.8822007246980181,0.054010814563063274,0
1.691358574824264,0.302635776853852,-2.747140377220515,1.539054109119086,2.35606945379097,0.9009872316528081,0
1.6497447580684526,-0.0647489119942988,-2.8357548213537935,0.7545665776884809,2.2383791970029385,0.37146752151344914,0
0.9981695115802746,-0.1578232525355932,-1.2320746918269145,1.8581438466357971,-0.014569745074505036,-0.052978403870650184,0
1.8542358077661172,-0.9528438539152617,-2.4379670086719094,0.9612255395796554,0.6764118773203108,0.6737233542903884,0
2.1292067228066722,0.7611563490962001,-2.6371986891268095,2.0848711650269656,2.901265035822763,-1.2920289864960026,0
2.0440036699091255,1.410972172802567,-1.9393279775637753,3.0963192325073825,1.6575721870199973,-0.43447969151653754,0
2.1623267560799224,1.3875705352649552,-1.7765416785441004,0.1927946719786886,3.5682201238956868,-0.8696042055602041,0
2.932798343080595,0.9853302251878616,-1.9667711150406255,1.3863324423764407,3.1980190084051827,0.5225736352801801,0
2.6508400518533533,-0.3964187977319602,-2.629219226450143,3.880465598107709,0.01693134866349988,-0.6952512216339409,0
3.800484472821577,0.430654649209994,-2.103467049589151,1.5354482096806654,2.2726954306977576,0.5260756906723059,0
3.7188213912738197,-0.0312920220568815,-2.7215704850005946,3.6169573678855036,3.288803222731741,0.09648165165970744,0
2.5477744078477658,-1.07141173287595,-2.415505344176737,1.4563406461461923,2.85521278493582,0.048643934536346065,0
2.8815917312960977,-1.4438139054750887,-1.5320063690893426,2.269175521164691,-1.8729676204305967,-0.8011167571568196,0
3.086166464096626,-0.7499159292240244,-1.6876454641424956,3.4289305516088557,1.6494713802003538,0.8176832277881244,0
3.7938942210909716,0.3100753140814497,-2.317888210041055,0.3550799684082686,1.5558594263404428,0.3350147928585817,0
3.722074393071956,0.9688355546138533,-1.624392648722808,1.8276137882784145,2.2920281766606188,0.08427562911896268,0
3.223441190024546,0.546002126897596,-2.060256819846499,2.6818121056781283,1.1442283878134394,0.5361845523861267,0
5.178895807402891,-0.627927385591577,-2.8624175034714563,3.8273490833539134,1.3955667875321291,0.2523953999218001,0
5.0401015405371465,-1.355772895878529,-2.1036405739537223,3.1085228968144616,2.019533240586598,0.7292436535870399,0
2.547706281566061,-1.09264229277709,-1.901670954851622,2.539925854020522,2.0900997438868285,1.6185390324172413,0
4.4026796593586175,1.10119773883961,-2.0358578911862675,2.3686984143721315,1.3218197659621038,0.5498199611674444,0
5.626764429102045,0.27176785627828615,-1.3574797484144097,1.3441169503544539,3.825442945186711,0.2714953308560982,0
3.4772921028982853,0.030229703201706926,-1.2442352161863324,0.5770117354578372,2.625853728224178,0.521539764586596,0
5.655971559138769,0.6801051690791683,-1.7774353720653215,3.2040518600894914,2.087926222871527,-1.1096438354187752,0
3.270674249058162,1.419247046668148,-1.7035801604266618,0.2114190678437684,1.3223535871546568,0.13375683507264877,0
5.336038307441879,0.6155664631763325,-2.2966743619708465,3.2396014934595634,3.9764964858138026,0.8671777207698421,0
4.535066580671501,1.7491826917250977,-1.2843476270493488,2.387102964383385,0.9861599662784539,0.09701128446497163,0
4.100728597659945,0.6089675400463077,-2.453101625554858,0.3740807033280318,2.2070009085134807,0.49373088713440094,0
4.010962799916536,-0.10556386156319958,-1.9841506240174807,1.2582732572005524,3.3109498416529846,-0.6580892230912683,0
3.8969702539204993,-0.8311540498833581,-2.279163573415936,2.7488197620654877,1.520640710005215,0.17961550647800306,0
4.402457184483449,-0.06407014968221636,-1.6793783402670466,1.9529170359656896,1.9638257367322471,0.32009665603779164,0
1.7533432298421363,1.447500122014583,-1.5962891615316632,2.8351506213372826,1.6721931201700055,-0.23063608494735485,0
4.497636814079359,0.4707625812519943,-2.3111414636607317,2.1784110928992666,2.331059737882537,-0.0638542917186376,0
3.919574436766005,0.26982331838518975,-1.440854043179014,3.097229889340476,2.2738978154425564,1.2872803312441703,0
5.945898693223161,-0.1499905785050305,-2.5848310760268376,-0.07260311765005278,2.576082614750779,-0.3420421781790744,0
1.9549822778148362,0.692171269990485,-2.351507324781213,2.399260204713924,2.055959179214007,1.3262149031388601,0
2.082871394145997,1.0135807072240512,-1.4115975788848387,1.2479053419181247,4.130023367984337,0.09578468063274186,0
3.8780476171022986,0.5470363836966489,-3.3898799644613247,2.7039973543626283,3.764705723496953,0.08255983839748064,0
1.7426803091347736,1.0558211028213318,-1.7850713980779185,1.8486024111629287,4.033672028606237,-0.09272711310182585,0
2.5089667619156355,1.159801664573993,-2.2092212882196014,0.15416654163958166,2.708512756567705,-0.003219778620250923,0
1.9729364597578054,1.9589582511608248,-1.6013473158915261,0.9398105538381538,3.487228683373399,0.06033521723699741,0
1.7314138774795926,1.9727963310402328,-2.2724057890895493,1.2971558704968413,2.6703300691074396,-0.10677295910852164,0
1.7757084319052143,0.8456136922297215,-1.7051754352934951,1.4815380238144014,1.6570948943497774,0.1029724475722999,0
1.1254942377664838,0.6274877480178274,-2.0110354778568467,2.39288290229126,4.744967657483934,-1.2748702625271369,0
2.0393201166498325,0.4819068869434861,-2.8631179953672246,2.902926886355461,4.094202851720807,-0.54225509680738,0
1.2824595096441758,0.4976081374263253,-1.88701116345948,2.296708970384918,4.5746003026252415,0.4233807416186225,0
0.4700586566671906,0.8028214794329256,-1.8204095162934064,1.157937023408041,2.2255886931120186,-0.0878650054126271,0
2.0602599075890216,-0.2073492645888722,-2.8437276942106626,3.7396863023948708,3.8523707938580984,0.013277126349671748,0
1.1097237877539428,0.2209948094025151,-1.3472364178549316,2.1733615365305035,3.638692782443448,0.5674347369777097,0
1.4746706801964482,-0.8896173157853942,-2.135515795579443,-1.9243656879269078,4.194416270230953,-0.06788256474755344,0
0.6114749966226944,0.2414939251912841,-1.372076176494752,2.718781743345697,3.604667395901561,0.45765957182709166,0
-0.07159257824224041,-0.7618550264521237,-1.4727045601403426,2.5094018636140607,2.075687499253368,-0.26385505489068384,0
1.8573378150792264,-0.23744406333041523,-2.4749616349694348,3.1309626684617986,4.285066274283821,-0.12076207233306402,0
1.70529233809103,-1.166644979628031,-2.478024307125764,0.8281521794339028,4.247248970210886,0.23246762829602613,0
0.29175797407098897,-2.2990852968257385,-1.6803667413496988,2.9261274990433686,3.2507505560948853,1.1805789094512913,0
1.4274301178185074,-0.35041068433434686,-2.351774185971033,3.818266287461336,1.7699872387730922,0.13403615825458098,0
-0.012901582738863215,0.6738435417755344,-1.287849602794161,1.4059550318979204,3.4621357596366242,0.7368481988395865,0
1.5959948220463498,-0.3629276335857249,-2.4840566753455207,0.9984383497978193,1.9949699925862368,0.023076438449630414,0
0.6791885632337302,-0.8480537992233901,-1.7610682101197788,1.9770739904364896,3.6637209432410396,0.8255701245367951,0
0.5682650552150993,-1.3301378082947384,-1.5239944870724824,2.4542150256106865,3.0895464894303366,0.5356300199448637,0
1.3027817635094918,0.06704434642593804,-1.2827108248961687,-0.2770287635385804,4.399480176733335,-0.4386413413352045,0
2.116290086687112,-0.20807609982187614,-1.5482071389857366,2.1867732072065698,4.4233587195183155,0.35984027391647316,0
2.8435213627023366,-0.10304963234196562,-2.1391870018912043,4.256807381567419,2.8087077953852546,-0.7086949325559299,0
2.354939190783174,0.7159936810601615,-1.750402358031388,1.5533529974155584,1.6681214860974476,-0.03697829210012205,0
1.8379449347808432,0.7522753918130668,-2.1672213328939045,2.9445937512140894,3.1754427695228467,0.8194980656173704,0
2.276937329152086,1.4702423421287412,-2.2234910018835534,2.6000612236882796,3.659494403887921,-0.18648448560319467,0
2.7221857832184115,0.5386694087374639,-1.808521083724592,1.3646955202228561,3.779539182991051,0.22392621576908553,0
3.441694480433582,-0.23614764958025358,-3.14360856643365,0.9559459989116088,2.0316299374274887,-0.6427988795499063,0
3.405992046223559,-0.8948844104824116,-2.085609576672718,1.1786308363551274,3.892997867711454,-1.1463077082712814,0
1.1654382595007196,-1.4441351680200047,-2.194550572812519,1.7530080380598794,2.418548267449346,0.2739540210213432,0
2.239570355172787,0.05337346372896046,-2.287679600585539,1.7941427180412084,0.9013515724674293,-0.6321931258271551,0
3.7564982231396042,0.7864552618802046,-2.2293536720360025,-0.09241395063582791,2.6069848155641044,0.7141559022081249,0
3.5857192856014075,-0.3488438127839222,-1.83817748298337,2.1155825297829067,1.3970166928768517,0.25505939427230023,0
3.3663750522933387,1.747794800976759,-2.771666721919259,2.968231004916183,1.1938290101894702,0.3449389970306244,0
2.399341331816147,1.328979173800782,-2.2820669645902276,1.4129832273138354,2.846035311338747,0.12902377359848252,0
3.491714341312076,0.16832365388179937,-2.798141036582844,1.3458416370195434,3.680549536456721,-0.25895394666054283,0
3.0516044796540815,0.23005159429084016,-1.5100580186843269,4.0035292914754494,1.7664863134982647,0.022648647201866635,0
3.9514976664443284,-0.9716063872520493,-2.261104711080522,2.2444962686753374,1.7362228814338083,-0.44038928237872654,0
3.961979418545083,-0.15545175986047816,-2.945410312616497,2.8044408382855863,1.7037577279202707,-0.34022652291875344,0
3.9602246055649175,0.7492779927933604,-1.8886462462444742,1.4286361076106433,1.201556413865835,0.3674979115269117,0
3.8137046116349347,-0.7693698025921076,-3.035411401750549,-1.77904882530848,0.14765231900281472,-0.6789450144565029,0
3.934790125932896,0.6975089692568883,-2.491767350331436,1.6289596472220143,1.0593833487442743,0.32594567709375644,0
4.086506917724095,-0.3151077079453672,-1.833858197314518,3.0364998663733216,0.15267159683573284,-0.9732106832050458,0
5.627447254932964,-0.2662239453304901,-1.851024346582076,2.8412033149108367,0.29939737992910476,-0.1935986917261919,0
3.863185600916588,0.3640544541333142,-3.3942533010439453,0.30428348710944375,2.3095045258049156,0.4698300689054472,0
5.559051681317227,-0.6229110282769451,-1.3582189024801898,1.6869576060984526,2.1495047442140454,0.11721544462083917,0
4.090236593632901,0.005572262601386324,-2.100781867827373,0.4911499641012391,0.47919327459899375,0.6497950399046805,0
4.248599231026438,-0.1766161370077401,-2.5000646047253534,1.1862202704173077,1.8658851404160592,0.16619442978963564,0
3.7213097861468887,-0.44915582426585887,-1.9823514980301886,1.1107815798428804,0.8043938619468962,-0.6961458980289841,0
4.034892623769193,0.9841502876461224,-2.6050365269539357,0.8658079435296846,-0.4903833331763323,-0.4216463109806247,0
4.5330168398040165,1.2899411507005671,-1.2335711828916949,2.9252418040441555,1.4927534500341524,-0.14211798035160222,0
4.124648680184942,1.894353342667235,-2.749719465939068,1.476149956575301,2.0705558076804786,-0.3447599556430887,0
3.465801478324697,1.0530806243092146,-2.7519586098169646,3.1689057779308367,2.3464105410299396,-0.0048655165769038635,0
3.9566960421515858,0.29882047894254143,-1.4443867493055005,0.8342766488985358,3.4332940111962476,-0.038319081658524885,0
2.32460601465173,1.485368439240693,-1.7649212639476537,1.1949465444452456,2.1508045261296274,-0.7435316074652594,0
2.0086391488760755,0.9425945224776595,-1.606790326748197,1.2358073054045546,1.4809411832140915,0.6784693036430833,0
2.6891403025526555,0.9152454877120983,-1.8666876774481929,1.7763406203098038,1.7582130198688741,-0.26266571346165063,0
2.739699388855347,-0.02431155365096821,-1.9157101385704647,0.9754066202067186,1.1441141466463005,0.4306525495071919,0
2.083288498922506,0.8278746280486876,-2.017065918307591,3.427638139316392,2.3405631465405627,0.22029356707609707,0
2.8440618589419158,0.5843924293329,-2.529685269762884,1.587172782802672,-0.08110490400083248,0.014960808409106612,0
2.2655071971880134,0.39637778905257826,-3.012515366567155,-0.27729879185651685,2.369626631554605,-0.5167548182198214,0
2.16653532498442,-0.5087498799791161,-2.8868768071570967,2.6618154165087695,1.3578283015072863,0.22561394190078524,0
1.7776873872997851,0.3955953188156614,-3.255893379363105,0.8168874857974848,2.8664758512964674,0.4260821935037181,0
2.6162482944748158,0.6931034107732783,-1.1460460831925638,0.4463398214929519,4.550823496336436,0.19502058357140717,0
0.13688529169168606,-0.46937436106938524,-2.579181724118719,2.4194482838486824,4.224601603573364,-0.36635202826733015,0
1.7498948161450634,0.8071817995930143,-2.5058104016407294,2.1943580796740156,1.8571288850892442,0.7174086464932127,0
1.263559599512621,0.16307335266873513,-2.0661058781947452,0.988849994822226,3.8018699180701265,-0.5684728847393687,0
0.599417185411611,-0.3008849151171103,-1.9982875695322417,0.32810716330140144,4.431663896634938,-0.3608124595940801,0
-0.5912647162832434,0.12781572490895407,-2.9749155327242756,3.603224671283098,3.345772284333695,0.2513912785976115,0
0.7271541575992895,-0.6599485679973622,-3.1068175626565973,1.0397157701340578,3.695719877024117,0.6173147910071866,0
0.4148981103310315,-0.3554413800331808,-1.5420653063005454,1.5488182574094593,0.8157107955084655,-0.8913286591457686,0
0.9218943650611082,-0.17169583142912326,-2.52132604836804,1.3885517606491162,2.9194979916542603,0.7058491372769687,0
0.3414451575007593,-1.4253856889765764,-2.9932808929532344,3.7491046238427317,2.8878170690320113,-0.39235399992663555,0
0.5215637233688513,-1.861455787340811,-3.394886956357108,3.8161254109639384,2.584430479988364,0.6959413819525756,0
0.7160217781585001,-1.467808921707874,-1.8535083757022885,3.8474135162118763,3.358527312227724,0.36031717812094993,0
0.9065951053718028,-2.0300782058393523,-3.2398197281531997,4.825750451105494,3.125970161707934,0.7679469982458638,0
1.4789598524937877,-1.4221798334131526,-2.14455636637908,1.8682806653306063,2.950748125303153,-0.01807744518125369,0
-0.3200673016767188,-1.458824386992457,-2.475335803203892,3.448822803565794,4.036503469357717,-0.14614402592406656,0
1.8963083185612195,-1.2153314617918738,-0.552822402286445,3.2166488811767113,5.024969572039414,0.07399079682582749,0
1.5838200728042946,0.7089109631850701,-1.714850955504203,3.3967695706691066,4.0928280586968295,0.40638898626640657,0
1.4471660174774694,0.3455379637042065,-2.073866922989784,2.4993198300286563,4.033638735150061,-0.7184317513286688,0
1.629139734707613,1.3074460778234722,-1.9439834106151315,3.6687285226719872,4.136679236442889,-0.4509098747022823,0
1.0621054467471323,1.1268022134116693,-2.5881771434169543,2.779784201165721,6.474497155644345,-0.31577884032740894,0
1.6589962939125857,1.5077036033139184,-2.1881109976096953,5.732688505443572,1.8524863048771754,0.9918803852632384,0
1.6483763583786897,2.3488920993150852,-2.3542848773375016,3.1599495660620605,1.9701494675932034,-0.44394565193962626,0
2.022377019347001,1.8157601004069905,-1.762429297959618,1.335923966013524,4.538472560452915,-0.23319680567304468,0
1.7599482637362909,1.4965972759435102,-2.243922293184708,4.975631919587258,4.625291638176867,0.2939605054125107,0
2.0692141268380855,2.527824157521309,-3.4043145309727842,3.0577559925174267,2.0784396015727022,-1.065153614152341,0
2.5322322754652116,1.656697041731905,-3.423257063035485,2.9819995281011247,3.2737929901769403,-0.09440220711637178,0
3.469734804814764,-1.6382618714690431,-3.0471563812684463,3.534356724768035,2.370199099308885,-0.15838362207070672,0
2.463636695751868,0.7956269045404151,-3.235733512567119,3.78191035708748,-0.9005452676901122,-0.22047176695865436,0
2.1540399449251817,-0.898931165405273,-1.9843200381515573,1.2014648877216754,2.099064847511082,-0.7002098720640295,0
3.000328334062798,0.7336279536131797,-2.12864633653675,2.1610269141540224,5.074112342918056,-0.6915195954372779,0
2.0047185679710995,1.7828934552310314,-2.2478133266638083,4.568140199955625,5.145599031715772,0.3676024197769292,0
3.117823848668321,-0.18336370733131047,-2.6204706314027453,2.031235615274792,4.251297406597477,-0.48064075890321784,0
3.467915631467828,0.15122719432507445,-2.4279959693696593,0.5880397596731584,1.902800064926615,-0.07702327748490981,0
3.218642547227019,-0.18316909872924347,-1.759638553709112,0.26892538239411934,2.3880613895428273,0.04472156683750334,0
3.655911607149742,0.07066688198828017,-2.3104404180748044,2.6264455216230953,3.3479819177605497,0.19263877585054787,0
5.171699225678842,-0.8206890312187508,-2.954215804921752,1.719516722885008,2.457549934648871,0.5829302836788162,0
3.6078969959568195,-0.4258519937141436,-3.2988692033287434,1.3400922769293193,3.932249423313958,-0.1911966116508494,0
3.8791787022969637,-0.3709813092594034,-2.5050874925428706,0.8739874819669531,2.3982065348514094,-1.1872499806276309,0
3.555818366296343,0.45073375111420283,-1.7237705812114053,2.2761157088012682,1.7195323510051628,0.939994630701308,0
3.5683294171048248,1.171967908904707,-1.9875652841045874,2.896931143890318,1.8814397050067129,-0.5062703679786423,0
4.4423966079749135,0.8575755285428658,-2.481682118793419,4.565765390829656,2.3899930421575295,-0.729664945679348,0
3.443050576215435,1.3275207063552956,-2.385883112491336,2.1753952981443203,2.3400281143984496,0.2444029825970701,0
4.08643100169236,0.5382925735456034,-2.526747859639485,2.081686551157442,3.426477738056544,0.1821759583158853,0
4.86993160286995,0.5680047367754635,-1.6520415091311527,3.133734064911053,2.79991642846145,-0.10249964937616572,0
3.373748680121565,1.2645249910253817,-1.340740772783413,2.142895330706047,3.9667348336725787,-0.2647303935636192,0
4.425062231223881,0.12442407564944158,-1.7285777553495905,3.707382008167544,2.9203937027572278,0.3323185289698307,0
4.09451062922515,-0.8918575389330003,-2.6533645529112326,1.6501601098350438,-0.5213297842760793,0.5308805354650651,0
3.280410911090723,-0.9497871265911706,-2.445567226368627,1.9085180243090798,1.5827863357112757,-0.47186541081873334,0
2.9625762543520118,0.3688321006323896,-1.731465097456543,2.437034004529318,-0.20657359766491856,0.13121465390010043,0
2.7859265558369315,0.8368309092163131,-1.3658761423579482,3.989933747724944,2.1481912236258136,0.11105145642211782,0
2.988209023325472,1.0705901810619132,-1.814783164720676,1.3327071618556356,1.4380011821262801,1.1286922996399305,0
3.0094277145871535,-0.45075154966364384,-2.41247996864007,1.9414780949738337,1.5232269915837038,0.8232009323295345,0
2.7823961882858845,-0.5096943342771313,-2.006293128558289,3.2786772139135665,1.4729389704531526,-0.42235898551284,0
1.8739996662683924,-0.7690901621045029,-3.289265862922816,2.3315848346641133,0.8740761964122885,-0.6500691365320367,0
2.2494815645632027,1.0728725279873998,-3.8822398294359113,0.29156393011576465,1.683729034542651,-0.27263525287925083,0
0.6631776711176283,1.3331181966934815,-2.476181121905698,3.080606119273236,-0.4099710232815681,-1.3109339921595728,0
3.1058279796442494,-0.7547189468675372,-2.1131912412932903,1.264512100417156,0.7456395418141816,-0.03054669427042464,0
1.7799091723465779,0.9670974969575857,-2.9906325125351527,0.7963562734520335,1.719816626246001,-0.09472697920638914,0
1.0574397875754147,1.310058075884583,-2.6291168188215246,3.544916173760434,1.4037687062013418,0.24326837571476606,0
1.0552305580112085,-0.9748526012341028,-1.4571662108368808,2.689656622524862,3.04265672643671,-1.0186435171195118,0
1.6386078711062222,-0.8365828533457886,-1.956844290055315,3.7789741794213505,1.8677698698385083,0.1251784910576026,0
0.48187009376921863,-0.442041110232268,-2.7943082896990044,1.049724463681352,1.9915766297446704,0.1633033734284884,0
0.4498411979314191,-0.3305901674795846,-2.7837319866429384,2.5218092350607106,4.560708478533288,0.7007824247103518,0
1.3459497946181522,0.3570545396972386,-2.09645792717329,2.376929466552201,3.4300753495496386,-0.28983403791162193,0
1.0658201694198601,-0.7700303985111208,-2.2012839285095303,3.14218646138897,0.5765280421985496,0.5722647855931949,0
-0.6351057723956561,-0.2788815343050017,-2.5003500912444006,2.4606348025274554,-0.42683584424413157,-0.5801851278649544,0
0.21128609076868676,-0.20420531820800708,-2.8355869595882095,2.1223283684114604,1.376356633398963,0.029087474924000805,0
0.974909400354277,0.7423397538259374,-1.6630353144386345,0.9487018093978647,1.0784543588923925,-0.0068973440108234365,0
0.13361111772083023,-0.7315669168401491,-2.0316778749960633,1.4935106257032082,1.8508541513669257,0.2450069916820135,0
0.943180780146293,1.7233647592870616,-1.000827297044189,0.17025520215702183,0.7101062293622391,-0.25231582546753295,0
0.6373956405350392,0.18644736435052967,-2.8438658059787585,0.027478329925898937,-0.37077658960582327,0.75216108066254,0
0.19264118617464038,0.808240685438527,-2.4455555929733976,2.034715244727287,1.5416010048223965,-1.074322823617685,0
0.9417278614515177,0.374818408306293,-2.6932257614961452,2.3561079504567393,2.074266912706406,-0.17263507542245693,0
0.6274540012531504,-0.0054235135729218675,-2.8188931687973335,1.8415644385084196,3.3580068731407087,-0.3083082463686754,0
0.7863190924530045,-1.3400795031090607,-3.515245607408301,0.7111670645870736,-0.42801217605220865,0.759859462361372,0
1.5177816300771334,5.408428825519177,-2.3641413891267256,-6.030614970145532,-2.1978211895974575,1.048238343084926,1
1.625344554583671,1.0807273598225904,-2.587796954525845,1.9962098746410235,1.6027712952437545,0.2186790280862206,0
0.39518739321750307,1.051445838605461,-2.612686773910258,0.8298396834091233,-0.033530324166682,-0.427286374617126,0
0.37012972390525367,-0.08035287581765754,-1.598458905207997,3.433365439237768,0.3135795724295356,-0.3079004574821039,0
1.9849358590379649,0.9503962239467625,-2.01524843526346,4.215981728074619,0.3630995769535299,0.4516757295942437,0
2.515726721052762,0.06278942882851368,-3.0689940601566343,0.674251124287607,0.3338232820325193,0.2220463063417647,0
3.154471092195649,1.6164176811395077,-2.231751242079016,1.3420294847861816,3.511176334746182,0.56576567594013,0
1.8199820311935528,0.17746309485778577,-2.3029758361987573,3.5682974408819814,2.4510130994843378,-0.07721563609800217,0
1.683342053483896,-0.3547567406720691,-2.932960841127824,2.6738045641908132,3.2054279988322696,-0.5527029202854188,0
1.4740232181191777,-0.16093366722220775,-2.7943098059544367,1.3105587422595262,4.358044750761813,0.7499791687625456,0
2.3362309075425967,0.46810276221129554,-2.1831610727612283,1.8623217106792136,3.3551362533097655,-0.09407212766294024,0
3.1902356720816645,-1.3610365829271518,-1.1011388684404178,2.632226916086766,1.3384852274134738,0.8372410221914905,0
3.3453416893644663,0.017025973751582546,-2.9040978232083376,-0.0263875351415348,2.304521329343772,1.0365237745034006,0
2.9006333281478804,-0.795756613177113,-3.3836588497685494,0.8356107955469512,1.9608204442045694,0.08694001436038512,0
3.9672915110416174,0.002569626036027506,-2.8118296860641063,0.9868262944971018,3.680701461407659,0.9137986249605983,0
2.993400177329898,-0.93297160825855,-2.326203918353205,1.5838658896122166,4.2724022640604815,-0.44741658163831377,0
3.521749662073373,0.30054510207722285,-1.6753780247441252,2.3258743969818965,3.038233454917775,-0.5435882531038024,0
2.9617510904262283,-0.20655052472729496,-2.0077825393153077,1.6292740822673142,1.5644699079364695,0.4046312704234478,0
4.46116351871687,1.0341175496259072,-3.791178609443244,2.3505521156236444,1.4901531972478026,-0.10933263682349195,0
5.240222736367156,1.5462597034375927,-1.679865863077861,2.2192887126979994,-0.013291369493676708,0.6345533031108911,0
3.780225236506903,0.834279880561308,-2.1167547062128826,3.068617661949374,1.7351943261049119,-0.45427057935679405,0
3.4587459410243904,0.38405906876322526,-2.146675387280306,0.3419406871113697,4.115497087376551,-0.20652784251913675,0
3.1990768533458844,-0.8045230194784293,-1.6268171406834324,2.448302078524981,3.7438024140478112,-0.5611166284060324,0
3.5143634612251766,-0.5594316008237556,-2.3967583709517313,2.7331279647176228,4.21018222189443,0.11412846086618632,0
3.718334340196036,-1.731368443431535,-2.7699297556739495,0.08136717812517835,4.178540002186102,0.451557049266282,0
4.733269598850567,-1.06748725215876,-2.554924824620624,1.067002085042998,2.813263465822505,-0.007783705772868892,0
4.380216943221499,0.13274592247363504,-2.984412436125607,2.1789098794557282,3.662130483026649,0.168229757861641,0
2.9619604922774725,0.8548714594821996,-2.586248205635338,1.4876174956915735,4.515270815843773,0.04194225220333921,0
4.050557284367268,0.7023855432444573,-2.0643203107553036,2.628285474137556,4.306061642557354,-0.6176609472730364,0
3.750637920961184,0.6643316822170549,-1.8470814880123505,1.5757000210985348,2.110518149776262,0.9889052370414728,0
3.3121106121620296,-0.9459830362752095,-2.04891903244381,2.2222619913659503,1.1130816817229623,-0.09024455449736735,0
3.031507103830284,-1.5962727066416114,-2.059629335990278,3.5247747659943434,2.481459233677425,0.195551448536455,0
3.738846064126293,-0.5548692832288252,-2.2928833581533565,2.8099443500845003,3.413262335592155,0.4763118202413243,0
3.3977396893687497,0.5684927291696507,-1.3051540977089195,3.6476772952997676,1.4465614841347292,0.9832343254404725,0
4.274431283259656,-0.02859489202541471,-2.467785684194186,2.6934797438136524,1.6221207376570521,-0.42676161182202194,0
2.880020330945157,-1.1492340275430102,-3.0085432070716496,1.0626173321655,4.181867767683259,-0.4282665867614346,0
3.6582704581311463,-1.0605723748871891,-1.9090248122802431,1.0641758859766783,4.857204371709715,-0.005280097208834962,0
2.469454881387114,0.0028164574941884624,-2.128031712411432,1.1459811404753557,1.9755284323732223,-0.14597168314094594,0
2.1743057299914303,1.2081019402582893,-3.161462168612565,1.4863706347963044,4.358554022685855,-1.031234578808363,0
1.3726774434326148,0.44869480517946,-1.839336826169935,1.2413042387627287,6.4156510585826805,0.43332243176667085,0
1.7026279490380953,0.658325225423519,-1.8437549496423111,1.4253534104958219,3.9637089514945183,-0.6206012060225727,0
2.4806029952208823,0.9630871197715132,-3.0880520581048136,2.587157716102345,3.5931696726668023,0.1588821439401913,0
1.614108407508734,0.31278902698602445,-2.380423289777491,2.543597160643673,2.37778548447811,0.48242459790596987,0
2.4444484252518404,0.5958837999949256,-2.2399438328843986,2.4269744229552037,2.161355691884083,-0.7244967205327327,0
1.259141789157315,1.0071629463233014,-1.5630229560386766,2.5557691159271476,1.9323533078070052,0.08712096643944639,0
1.296616482394331,1.8883245724764997,-2.883430767435719,4.6115839436685135,4.262930761706961,0.06320707614510049,0
0.6361304086713404,-0.13539231906627458,-4.372084688132198,2.206957710607247,4.027683704967674,0.6159240630227437,0
1.597293507073438,-0.5295559900786192,-2.8028672012914964,0.8290238237838581,2.507850449893912,0.24612483460215923,0
-2.0159280874579357,-0.1756343991365369,-2.361590413944011,0.8202342443696513,2.7175664251949447,0.6942979690503137,0
1.3560744104077171,0.26084864623096854,-2.7483431878619546,-0.623327893521008,3.7861805749915574,0.20258603234808645,0
1.4058287029946053,-0.4719960928510589,-2.4989682292359325,1.4841750258850581,1.9273455678045495,-0.2588258605669521,0
-0.08605461714268492,-0.8999081077884914,-2.8437504868059698,3.3051961820593982,3.1366962421025386,0.07250945940159939,0
0.8863186460277885,-0.5438842517956363,-2.208289029511997,4.122065980142805,3.0633778028536325,-0.3591071209265453,0
0.39356562415209645,0.4603077621198178,-2.35303306716106,2.2857408919425266,3.2717485527445644,-0.17689134684808355,0
-0.40783452691492683,0.9674178136694249,-1.431848176623894,0.37117918106120773,2.603394357181556,1.186425452134294,0
0.07055497253778542,1.0256586183099454,-1.840727031910387,4.067252390936045,2.8124079817124077,0.27907331126885676,0
1.117838528880637,0.32849076465501736,-1.7926232574882777,2.97343327555902,2.380461476451357,0.04824133148449864,0
-0.2398450758121834,1.4738402265227508,-2.485262036710528,3.804310139493819,0.19934073219466808,0.5567566262021518,0
0.8906145516202811,1.2010491183943246,-2.1095768899277356,3.1349829502604267,1.0375433882909588,1.1224068058302505,0
-0.11379225349179067,1.053268672988073,-1.617614345089574,2.620639688560199,3.905781840219035,0.4696012360813569,0
0.8288218965983163,0.2904571710177384,-2.139394077778955,2.2656738767267646,2.944204904925509,-0.4898690245835261,0
1.9843572489171533,-1.3239151184830869,-2.006122977273313,2.8682780249664055,1.3980264140194245,0.17562924858565276,0
2.028441536241275,2.0367185133835344,-3.5884784005633312,1.776062622346263,0.10068002529166598,0.20687535153925468,0
1.7477543824288877,1.03140346008145,-2.275026044739682,2.360527411215388,2.094158124630182,0.06169030665180061,0
1.356254485417371,0.6134108852346003,-3.3115539789807973,1.1232636425882658,-0.11345291252563072,-0.6940125585650863,0
3.1280722308037676,-0.5650134107717517,-4.0313735889843505,1.9766050168345222,1.1924979827433895,-0.4997607768678428,0
2.3188225781055642,0.2006376013258464,-2.384290759537533,2.833921384786592,1.9638386038886848,0.24671641954706292,0
1.6898355844432538,0.31482701450752215,-2.0619213700223704,2.021687190562644,2.5139267444621765,-0.3368323600329902,0
2.216026445300563,-0.2521956966091079,-3.2203460609601446,1.9761953800541612,3.0169044063752217,0.06317577910964914,0
3.963078894841881,-0.12163200986379152,-2.5317613205383074,0.367428962476698,1.0131975841096963,0.14748747477621993,0
2.2666823299620154,-1.3162640236216734,-1.663360490153659,1.7983938424921295,1.2060717774193044,0.5800882625777204,0
3.4165681994577324,-0.8944290801929655,-3.1223897036461183,1.7936801914110259,1.3319274531953935,0.4391039253608632,0
3.9011437248134575,0.5185872815365216,-2.4150476281364126,1.0829907145703186,0.526732334922817,-0.1925091621836434,0
2.06073889004567,0.4973557914435456,-3.1972826400731056,0.461086104435364,1.423573378807198,0.06692739605580034,0
3.00252863495574,1.5440439181234178,-2.7231230195935474,1.5169713740298771,-1.9877572800029775,-0.24075812721588916,0
2.723917026747373,0.5410231506952566,-1.6212029764673963,2.401523296573889,0.9826460843631213,0.13223327933768686,0
2.979868193448761,-0.780321687503668,-3.0595627890757995,3.6779702263009173,2.516633127416972,0.5053349282854877,0
2.5604525926365627,-0.5205915125280618,-1.7183319477523926,0.2780967901900979,3.123038765307861,0.059144483938797766,0
1.9362536239601589,-0.13279378744761677,-2.3214795580119554,1.6208339108692604,3.7514793136964077,0.3301901294085945,0
3.1591295498136205,-0.0543666992009148,-2.7566890089800897,-0.48312328332610743,3.406749995415685,0.23990391474550693,0
3.719743391683178,0.8096819950788763,-1.747348624235459,0.8058127601116614,2.0359942663738932,0.2526386069550878,0
3.672228530855488,1.7008266387239872,-2.4607452925174065,2.6836267603026154,1.6637150933208682,-0.06017939361211129,0
4.848541634113883,-0.4825874193429682,-2.7957283164200306,1.1682102679884507,0.26756201573187544,-0.048886260340705895,0
4.495739226561966,0.7419471835815658,-3.437975598155177,4.271760838816615,1.9518596626029812,-0.31442346302028273,0
4.450767166056846,0.3611627670053648,-0.7695576628393723,4.122403471902526,1.6045750726410046,-0.9119146472061829,0
4.099050494871567,0.25281265270699,-2.2119174694055177,3.644281557963409,0.9372084585006473,-0.12866071493863607,0
3.429037654903457,-1.0892532795671335,-2.2495693726390447,0.5726602503468294,4.411735854597163,0.05342488150558718,0
3.999754526102789,0.8743516885880608,-2.554663845899283,2.3454080181440125,3.166911442787452,-0.1862878157077458,0
4.385899397893369,-0.02102837813670788,-2.5384888428351107,2.333132842259116,1.392619142614981,0.10554908510017284,0
4.149856739187399,-1.076827126759102,-2.4497916372368667,0.8983031208921621,2.155380304762041,0.005049934106473431,0
3.9496942784523106,-1.766016386121374,-1.1756896711017593,0.7832881604005466,2.1070850759146253,0.14536676272191912,0
4.9598644802407845,-1.5489939991130743,-2.939923038388705,1.7747865968234262,4.932495342141664,-0.07142984818768648,0
3.8213748689735736,-0.6327714673799075,-2.6759052635503977,0.3028753226325851,2.9180885747899703,-0.26047303623158946,0
4.749979393465075,-0.5863551530664873,-2.9567413390641617,0.5699234172191638,2.8672552534973597,-0.6016045699905627,0
2.8140278821697398,-1.0253011105548073,-5.457008568219846,4.394171172939225,4.1176800687449,-0.01430886689433787,0
2.9871462837684555,-1.500478839677582,-2.0072975060152496,2.873746603076694,3.7898549267519157,-0.40892176319064566,0
2.6352533980826647,-0.988008579086999,-2.9167949116282497,1.2601731120719282,4.2650334115223,0.0748076995794637,0
1.9632228612195344,-0.11753516595316482,-2.9022974454519193,1.9322449795639904,2.497504476057463,0.5489547203436668,0
1.9230714760735061,-0.09769748858084953,-2.1536934302232265,2.206266284375167,1.8413605734171126,-0.11523439240412742,0
3.092117693649286,0.7811454763405817,-3.1502582513471022,2.02184057244241,4.185469422704758,0.11373571462388976,0
2.1810513425770184,2.238179672468275,-3.916728646097317,2.8295686442154806,4.885593917827864,-1.1418018049096896,0
1.3897116552292221,0.7152082137335141,-2.762513991262652,3.3635063812990427,3.125917131767915,-1.0428736223946307,0
2.1589676669012574,-0.06631312592185623,-2.405280797866403,2.0215953142846668,1.1499385107362632,-0.07663188262564964,0
0.4524472837757998,-0.4323265832399069,-2.075340562797172,1.1140504148802963,1.8462179409410198,-0.3231453469203963,0
2.216173210849988,-0.836467564763832,-3.5368948016498187,3.0037998784489592,3.5324255770962085,0.11718804816184678,0
1.5351924521846911,-1.6009179443077948,-2.0071882799455776,2.9911250767189848,4.815978854094636,0.2587967959389175,0
1.2641866455172657,-0.7303195279827845,-2.4913395897051602,3.120733004492406,3.2168688539464694,0.7045487260847351,0
0.5898540693452334,-0.520503422405526,-2.7923124244447806,2.603964789988612,3.397821095823311,-0.5095307457087926,0
1.241936931335046,-1.9324029570367127,-2.9021429589610785,1.7919799960795662,3.3869509652565744,0.5052238699578924,0
0.8113843666590725,-1.1022262731098378,-3.4817484540060955,2.134764632707351,4.335257651390942,0.4333884403120426,0
1.280357781896431,-0.6973780970970024,-2.367393022058061,-1.4221227946258366,3.301027802663499,0.3292168207834946,0
-0.10594036388435246,-0.9056021136216441,-1.4455543238844715,3.2153260744858665,5.642356799758513,-0.0998366936633178,0
3.1946086589975247,-0.642402236407726,-2.3814869203337037,2.297581316687741,5.080309274466241,0.39040986723112536,0
0.9460274269955045,-1.281990973537599,-3.9477202494538,3.780639820409889,4.039397095933505,0.3699442500243008,0
0.06393633664887621,-1.0311286320234092,-2.555870224596881,1.321151104638949,3.7394011731286882,0.17624743260861886,0
1.0775612761851505,5.508126994539823,-3.798169191463889,1.231964497622494,1.7193595739236138,0.08040590814668881,0
-0.41607761375274266,1.4152678221379669,-2.5018627788683854,2.480330608953231,3.359859639001204,0.10897540379673495,0
1.041059574288298,0.31434257638806634,-1.6768849612185934,1.6745783881269958,3.470327495515341,0.6567969277727532,0
1.0297109941962252,1.1236108261970164,-2.9647935091796773,1.0256391709525319,3.7535109807174774,-0.17184776518144862,0
0.8716803283180975,1.0645264891134332,-2.4818295775067223,1.4060734344824755,3.6189782693563926,0.39967149404437896,0
-0.3085835514963706,1.3773214073832056,-3.1258701677769816,2.522499967543914,2.0147482051972716,-1.0114482752482814,0
0.8660675115304307,0.01629829861072818,-3.4303403075757855,1.4114200478308039,1.002376631029526,-0.3346562087588171,0
1.770565375864955,-0.11328040665752731,-2.6567713771567805,2.174493228221487,4.236288474103295,-0.1350813447232691,0
1.2033739035681565,0.28117290287683505,-3.033773061423434,3.455279394717084,0.5090126693849819,0.09206967672039237,0
1.5361067909573363,-2.3251390804648837,-3.3720135886851104,0.9936468547467603,2.052182655283627,-0.0045200312761246916,0
1.511103559930783,-1.5894645737136026,-2.5445919532310226,2.9276924474850565,2.046146464744369,-0.03898404457271492,0
1.7096935250368737,-2.523912026426298,-2.0112603378078853,3.064513223769784,2.2554253984750257,0.2804895226789934,0
1.9878214569849666,-2.028467271498658,-3.530851398732069,2.530634271169684,4.303604021851923,0.10857082545188004,0
1.800451928770623,-2.929085131427123,-1.435068497470788,4.82264282124682,4.004390209507246,0.0686085252338689,0
2.7497320048806904,-1.256923335749222,-2.0324470366387306,2.8139113486523755,1.6356542473856948,-0.17577145199336502,0
2.9837247024658113,-0.039416557529907026,-3.0974873195625507,1.357180003628009,1.5453747742937105,-0.29553651845868634,0
2.3394813620194865,-0.4426899557144838,-2.936865706639656,3.187691595364526,1.4344758840289873,0.379911353289038,0
3.176443761653272,0.2520546761260439,-2.569545086746307,2.48578446657612,1.2514832745959856,0.10512339249414443,0
3.732031177667725,0.5503844101627837,-3.5161789720030416,4.178493651959368,0.7238529147081403,0.33638427653392206,0
3.328207554139869,-1.4496900245554225,-3.910210682930355,2.8772047823919396,1.6645761405939798,-0.08308329838428567,0
3.1752243720080635,0.07857253641762985,-3.069829357909164,2.4759783075517126,1.678607106409098,0.4946210424020986,0
4.078494416188437,0.7394535125060291,-3.546220514507075,3.7947945867090698,2.9545087869119078,0.7476879925485108,0
3.563019692005942,1.8142515818056324,-3.5186547531397507,1.5272434347243589,4.805274574622298,-0.5930286771599117,0
4.631148486923573,2.6702097903483586,-3.0148410324196653,2.1274980386644127,1.3541972781838376,0.22943277984073043,0
3.734981285947562,1.7682487174334998,-2.1242325277348044,2.182428453954149,1.4195455017105787,-0.38154388691783914,0
3.4545456664034755,0.34285393736133774,-3.1230496924416427,1.9180920019299807,1.8622569243487392,0.5059260562847474,0
4.052547688455664,0.7955561742526234,-1.9982307492815021,0.5670704894771454,3.791480359981345,0.4847913068094651,0
3.9529698116003287,2.3875786225693254,-2.265468401231796,2.4439761487453615,4.025994969951576,-0.8359202590271886,0
4.410012470492096,0.04147676152729057,-3.4206525504312886,2.1286866929290826,1.5206024463521266,-1.0248628457149147,0
3.2822611403522353,-0.0472847490039138,-3.037930814581028,2.916385500902785,-0.18960418117383426,-0.10566266689616374,0
3.6726617348661446,0.7743192289144046,-2.680899053538434,1.0140292344389548,0.7868997680232388,0.04039911232594503,0
3.84589158672636,-1.2909973486341908,-2.3836851554385956,1.0749532620144153,2.2969075446400002,-0.1763629246696042,0
3.5291536780000885,0.3132760406548043,-2.8400623433813226,0.7085891486242757,-0.14246912414328095,-0.029943782528319564,0
5.025396248831625,0.8059243994978333,-2.593560349839727,1.9890778903070858,-0.7461130766137776,-1.1018358178985659,0
3.2715160047982037,0.7419806507287572,-3.3682659694975357,3.5188826212285242,0.929885192743991,1.2876786095718562,0
3.536608806927471,0.7769403772952745,-2.8608403316568722,2.807365654411846,1.2416565031564804,0.7941318323299984,0
4.127101098489893,1.0254487667623473,-0.18216984610375841,0.005136358052070467,1.4284624194282307,0.09453654794298025,0
3.9318744678853785,-0.5128282685216512,-2.2989662735385905,0.8078504914633333,0.9271870149453247,-0.6498124735773859,0
3.2090711110746835,0.035505607361998315,-1.9566677197913276,1.3645624233619882,3.860410105468069,0.2987750093796099,0
2.615059308885431,1.903340809077206,-3.0936065954510243,2.0146583774317177,3.2917710742294704,0.5364006824764567,0
3.341252289658105,0.6072088950960464,-2.829821896690134,2.74121485722261,-0.28434231846629565,-0.67049545126506,0
2.2995150691814663,0.6027056385182247,-3.0279642051150377,2.8748656853505246,0.5496648300086033,0.4778856121436448,0
2.5332940690534427,-0.48952923819631455,-4.229173926745021,3.6036074743321476,0.05122243367604451,0.7547160564718726,0
1.7336983218857538,0.7485314898589946,-2.699232954680535,0.5548673506450783,0.932437010198042,0.6852634733251058,0
2.6511352722276644,-0.9369805276620851,-2.902130930037711,2.2509445463639017,1.006137831280659,-0.48979799436536997,0
2.6269883696939558,-0.3352702128669972,-2.034476542932094,1.7542015977426595,2.136690582670338,-0.09809793870924692,0
-0.8051559236580585,-0.9511717211105832,-3.027619944249559,3.6608344911000166,1.7896410881740468,0.7142548877063348,0
1.802323886736419,0.2932193652559377,-3.595910219919956,2.1518947644908835,3.0272852856436563,-0.6698072698296418,0
2.0360327194532255,0.3933293967929545,-2.129405807675364,4.264062650470108,0.35847089936784293,-0.018013941048999112,0
0.8485066617602262,-0.17554086500176058,-1.6191904209939278,-0.3932541580774962,-1.5905862454878312,-0.7495352641118461,0
1.5039582523912356,0.7595699372896061,-3.0683229185857117,2.2894041998585823,1.3940170421719718,-0.5179946316964282,0
0.5455372381824862,0.05364939039731248,-2.1208107095070403,4.670763183740319,-0.7344255995928719,-0.28028240319132175,0
-1.4528864437718945,1.1876797897269238,-2.0457251046728993,1.1036667491723948,1.3843515508673685,-1.156931244107732,0
0.2536977711130901,0.8985088538372762,-2.3536570045651355,3.258262925827032,3.6249282982682423,-0.08134929426302445,0
1.250678994449893,1.6277612672916422,-2.0803486368336976,3.674048006519189,2.4227494775923533,0.4178424700547434,0
1.4411190134084182,1.5896983047084463,-2.495852021155465,4.415347267284279,2.88696657196075,0.3506792607341256,0
0.30539943025716026,1.950755134122443,-3.318114336015471,0.6863650305745883,0.9686333221591765,0.86758226198211,0
0.26144630135689517,2.1295205485931668,-2.022554632892485,5.0064054440810075,2.5526614486403556,-0.5568301644524649,0
-0.06197364879686984,2.4607810361243128,-2.8110235819930263,1.2425362042958739,2.7459953648369044,0.3470371043841425,0
1.268925484998214,0.5025645644049788,-3.093633423645142,0.11279397160311233,2.8929116316909007,-0.09511641447121279,0
0.19756835873150802,0.18414008160958364,-2.0696262551397684,2.468000887122018,2.7746119453604106,0.2921219891525478,0
-1.0277150241543143,1.0474845877112482,-1.6131579530658837,1.5970220279216072,2.3156730744920844,-0.017863630401496394,0
0.3220032486047167,-0.024644173163046623,-2.6995888776567023,2.6344198801225076,1.0191540295105872,-0.22194352820883406,0
0.6565092878698566,3.1089081142611414,-3.032292081719747,2.1130737746755894,1.3432035408135685,0.27989619885187084,0
0.8728021641645465,0.2554284864382457,-3.308533956420613,0.13384963574357456,2.7390816087485863,-0.38114235557344045,0
0.9787594913892776,0.7766695102974804,-2.4607048294474674,3.3528407935981877,3.5107660843198354,-0.3342891679864729,0
0.5204001081894261,-1.489807658418969,-3.2712825502998895,2.288743566437771,1.2367137820586889,0.3340367116155474,0
0.7803097825472268,0.2821731288172946,-2.891956732847399,2.2385778653596007,4.565412850093354,-0.18646290120836403,0
1.6357297004718352,-1.3812964679756004,-2.7234227523903556,1.982029638812885,3.293089822666924,0.41181021350075087,0
1.6133122611650712,-0.853054111784868,-2.609634996512046,2.8897789069941346,3.6339210081547906,0.280891840439663,0
1.1366633328777174,-0.07604809410152807,-2.1708385888544512,0.7315664867285514,3.9808494627818067,0.10769014228166883,0
1.5218879929334466,-0.24454100969986237,-2.063476195469916,2.0077595976591494,4.536396994458227,0.34406957409686606,0
1.7307290607019439,0.5432227703311363,-2.7151908480537217,3.286165433399063,5.817851134078904,-0.49749899731257985,0
3.168247415870496,-0.19372858824037664,-2.846332442132428,4.1346948598382465,1.608033261270861,-0.6236220388686836,0
2.992183027610392,0.4354549354148517,-3.9535418749541824,2.2340767086918643,1.2477561865754163,-0.034835927519889266,0
2.766967986322129,2.055341791914008,-2.7835178634098265,2.2600538446967677,4.087862292416426,0.45444945503535455,0
2.158173727160013,1.0452263395167853,-2.756430934783278,-0.3499405759823939,3.5756561383570005,-0.14469933444416472,0
2.8571521775615434,-0.20638108413141631,-2.7557971946091295,2.9650974759092206,3.481939435082339,0.7277810545450976,0
3.0498214176040883,-0.1354476725225926,-3.2186637247631777,3.231440711483434,3.1197866871224407,-0.04839514452538425,0
2.360122895855354,-0.20993577013639103,-2.1191256770041655,3.487391748905826,4.884462870825765,-0.607467797189313,0
3.762619095020061,0.7592725962349411,-1.9113288634795234,1.8471311390761636,3.7252766025759376,-0.911064945704,0
2.702842345965221,0.77495107489883,-2.9356475640235886,1.5785321046163583,4.100504400655379,0.7189805001362398,0
2.497491265472843,0.13061357944912827,-3.285154603301978,2.277106735439245,3.2337056086068072,-0.5525206693507196,0
4.379864613159076,0.24841177111808593,-2.203972316443484,1.6188284157462514,3.853982328206401,-0.2438696264951739,0
3.2084354285881713,0.7615367378261482,-3.006550775558174,0.9044537176003662,2.7417198183068043,0.6868269705220937,0
4.313758974647037,-0.7684721808741516,-3.2291166461041105,1.9989872367514843,3.6757570347048087,0.24454804119709236,0
3.6801590638634103,-0.6513181051691563,-0.15194184127274446,2.068131859327949,0.3239204937918503,-0.4691241164417007,0
3.8891895859892545,-1.1400875213726431,-3.611487015987043,2.550889368534448,2.849862472359378,0.8117968523979956,0
3.9652999592768303,0.27882411698487153,-2.690835640560668,3.5796180708382845,1.1234370436866365,0.12225321142482445,0
3.4950029074896842,-0.2986484472254186,-2.699376332474359,1.8048046952509416,2.2500019982425297,0.19961237418279773,0
5.256999063304712,1.2449795849740342,-3.786335693968855,2.106745529834976,3.5909571873221076,-0.16460446923184752,0
3.8785424950611174,0.3518938523844861,-3.597965170207746,3.3935955459635148,4.145869255094352,-0.31413174462431115,0
3.1909166700231024,-0.3670160345013874,-1.5148825061654059,0.7844156816313901,2.9594404294777927,-0.029804137720796077,0
4.475694120393886,0.8951936283344226,-3.4161695312785576,2.766666545530844,3.721550571407318,-0.7180088447849526,0
3.5745557615120007,-0.4610635596093039,-3.538479194222156,0.6214825454187434,1.746589256066596,0.8999445236598416,0
3.5343198998761545,-0.42916147497985113,-2.1152724786294197,2.1782446666479824,3.5484114954193227,-0.7642808873586252,0
4.260919891280243,1.4927286215206368,-2.9973895228031315,3.579928847030258,1.8882336952763947,0.5267455793815765,0
4.196503745608803,2.756410172884896,-2.9087566864751135,1.7393613253812419,1.4644927838201902,0.11166081525134937,0
2.549467514248799,1.3200289605377538,-2.5773979284280997,4.133897573937011,1.8846098321884026,-0.2727338214516161,0
4.382779670031868,0.40643465608667156,-3.434849898460808,1.4629309802197463,1.047444582679181,-1.0513091441766484,0
2.4504491976786746,-0.9229230159374642,-3.034067702685946,1.3497188504946207,0.431597365960122,0.2132131674636061,0
2.6727798149984636,-0.7479306634944072,-2.802796712751081,2.0568030551996896,2.3333983414172303,0.25742873455491944,0
0.9036702594661965,-0.08657702201806194,-2.8312725754316608,0.854041411806403,1.4660947376919813,0.4220164746474394,0
2.4964564151213695,-1.1149395677592044,-1.9300316247435199,-0.22738673728832115,0.8646697259062501,0.18997224742174676,0
3.135286914505384,-0.03298782567082231,-4.009299467684839,4.174002606708119,2.2097791310985366,-0.07252472057415156,0
1.7669436347008807,-0.43911107052866527,-3.0693539445024656,0.8202970413139055,2.5563920502982946,0.2449614663734101,0
3.0113375122282053,0.6837208128468331,-1.9085339910023387,3.435322177758161,1.1218335564147615,0.01135299885843106,0
2.975560140405681,-0.27702025422095694,-3.114660503039057,3.4798542975555598,1.21938292602598,-1.0098690360201819,0
0.4442139303492656,0.1182830812048539,-2.977820268209746,-0.6001971621893305,0.6028881200057156,-0.22238331900383249,0
1.6097171904535446,0.3352594014036806,-1.5647130520090318,3.7086082232387643,1.428351786454729,-0.45721964861143227,0
1.1383889166449859,0.024056238142771136,-3.6134515914198677,3.436332182533742,1.3678218770479362,-0.21974806980265357,0
1.632178680900751,-0.11622283843409664,-2.477244819028772,4.0313126763750695,0.7831782062988568,-0.1472174663353847,0
1.1840408466351677,-0.05778587134018143,-3.407994467883816,2.75125985415097,2.3225908023894375,0.5069355772159675,0
2.4189249470647796,0.3396589648816911,-2.976128324510914,2.8194014311627376,0.5436266115964302,-0.33894328221754755,0
0.9836329844161045,-0.715939905012021,-2.0138819628073588,3.2032562513646736,0.29607434426808243,0.2167749533335886,0
0.4778703546524558,-0.858035151882893,-1.9400702385179538,1.2408783158504297,0.8401624555369878,0.8356352200773159,0
0.2754190956562526,-0.9798656886430384,-2.1109717772256773,2.446190141932579,0.6337182154809154,0.22199173593609658,0
0.4012304778254493,-0.3230855939077324,-3.3243510596160855,3.4874112251166824,1.7388504980770096,0.5561033835852823,0
0.6475913283470407,-1.0142686468520699,-1.9996304803842213,0.8841641779582234,0.7114630140900136,0.706226902260912,0
0.8148865327982349,-0.44001391358705266,-2.7587120810140733,2.7221788912122094,-1.438421734770131,0.883136094773099,0
-0.628959835112288,0.11214135678429255,-2.882088242532811,3.0296924038777022,1.3196178068109339,-0.6616556494219289,0
0.7535847094311181,-0.2984361586773282,-3.028518081319852,0.19383616905822798,1.0711648602173989,-0.08494009750156184,0
1.4542510185461204,0.6170927360514935,-3.9819307448433365,0.5688657143174909,0.20242586221287895,0.21969423822054096,0
0.2766305351329027,1.098354164790796,-2.600946001803764,2.154295391244849,0.5574563265495123,-0.6430175088183673,0
1.3724715150089337,0.5453539944199504,-3.167828091196792,1.6038671520176342,0.566269352040055,0.2550066810486809,0
0.43016244929795594,1.3187084546872296,-2.854962828526686,2.287820134546547,2.0226548454304005,0.42781575913539316,0
2.0447650508205566,0.42165701746714224,-2.0791679914827874,-0.6877701093513191,2.8579258350073866,-0.3627927113560451,0
0.19741928830938482,0.21154863169557228,-2.1058331853216123,0.6731995968871876,1.2329800357527987,-0.7859124987429832,0
0.7251487972409045,0.21564832885202423,-2.6642199995655376,-1.3079212210867217,0.8311285529592698,0.19959447044156764,0
1.2379251391903172,0.09207286288076078,-2.72906875573673,1.0046891592108351,1.1684924255022788,-0.17940499307567026,0
2.409804195462541,-0.2495876698773863,-2.4995616118681308,2.5601295717121326,3.721426908053296,-0.3333295877614005,0
1.764474477251251,-0.3134498369033482,-3.1090722778798545,3.154382589435447,1.852212223358788,-0.3118342282370184,0
0.22263771094608797,0.39142145268323614,-3.0265653913040453,1.304399845753088,0.7220297824409432,0.06100624183669509,0
2.5893434959340738,1.6634488175051068,-3.0421063541253814,2.580475608713156,2.541422325217406,1.0471296081012575,0
2.4373778694071717,0.6276173743518874,-2.4952060632718287,2.5219647883727974,3.870357319606611,-0.021951034638520054,0
2.405641373676568,1.1108849233730471,-2.848155713758199,4.110395748193498,3.580199131840951,0.27759153439742285,0
2.0708332403269862,-1.4759566997529712,-3.315979837841689,2.732203153337327,1.3188968901634424,-1.2709372980736922,0
3.3217092785318973,-0.7956489509894138,-3.4999099053572005,2.6690351664523457,2.163554848891074,-0.5987723847769746,0
3.2338401973863347,-0.44497821420746075,-2.373100643115254,3.67641997660652,2.9806443947458963,-0.921040900259796,0
4.046887249565474,-1.5470573619971295,-3.125054317848147,1.9362060533729375,1.5770312556465291,-1.1424310246282319,0
4.260083997555814,-0.5421327961769614,-3.1397887361639065,2.0496364060780192,2.442419836784321,-0.2352986269648614,0
2.6153396139372673,-0.25264073361842027,-1.8768754183568346,2.8298230270390263,3.667731431938937,0.021211796911264978,0
3.215629176825696,0.322765216819196,-3.5757382255153516,1.0237415404390175,4.207079075045157,-0.3207760817661239,0
3.6814743719655705,-0.3853714011928563,-3.1753379556178487,1.7375991316190245,3.010455895049541,0.39537287048726333,0
4.5345738818436905,0.1488155187231464,-2.928247667775591,4.894810814785302,3.42914674449115,0.7657375791001596,0
3.045869718808622,0.14415955067260905,-3.7860564786650235,0.046816931706859855,2.507662486386666,-0.1582958448840334,0
4.087383463699115,0.3549300027874986,-1.5784314235000914,3.368756004892568,3.752317499745203,0.558478572962146,0
3.8076296564952172,-1.154775980871638,-3.3307167067285826,1.6988513188229626,3.5178210779032684,0.3464350098943114,0
3.5799665393692126,-0.6734098901623684,-2.2166994449691244,2.160879620915089,4.574904135340389,0.6125429759272626,0
5.234049664243204,-0.05462680277098314,-2.070912774592333,2.4313325258834193,3.5817826162577853,-0.17348035782977667,0
4.554688353567009,1.0555726288090312,-2.5005074986352724,0.5593813166464088,4.133099299402101,-1.0094718659599804,0
4.558189179873519,0.9579127694137597,-3.8753068287266808,-0.14021344248460554,4.385367592171376,-0.16386607403683717,0
3.2425446004904117,-0.1693139109657364,-2.202948568407664,1.6573216358266858,4.135747113119129,-0.27330517903028445,0
3.6880873783689316,-0.4400415527310526,-1.3087475107321838,1.168459686174665,4.1164126599242925,-0.49957189675172503,0
3.7702192919194983,-1.9098925369158346,-3.4855998657282807,1.3715077654808485,3.0894212609073888,-0.3438612989796322,0
4.438403977326962,-2.363172655271713,-2.739521762691756,4.10240159259666,2.4575619761828094,-1.1060461979805052,0
2.8518892401964426,-2.3901699472877174,-2.787925221427152,3.4105909610176495,2.9004285880401826,0.8445203345094975,0
2.844147834916429,-2.7626007232650998,-2.9311570024074385,5.035046967741836,2.955409606514946,-0.006212749946664884,0
3.544319698254241,-1.5850469806255592,-2.0771324368939172,3.4601371103114795,6.053030405409905,-0.08596693686799467,0
1.8001589721965816,1.030318524700059,-2.972829872518995,2.0767337117965634,2.1425670885657877,-1.0136132167172482,0
2.9651327281895616,0.8555778795096679,-1.7884847644601372,2.56910035708517,3.419809447868081,-0.2615178982187243,0
3.6441119949235357,1.3960961944548207,-3.2962342882077924,2.788608812067851,3.6278777654013035,0.16422871537836667,0
2.9010518290776304,1.2853409559981694,-3.7845173448786893,2.1252444176318623,2.3224415808520593,-0.10768303808789313,0
2.7584147355960615,0.47335762189972597,-2.3047346008349026,1.808598077984775,4.100339408334181,0.044551465546083975,0
1.0835774294242972,2.1947480247752904,-3.6080842633794,2.0419770237437036,2.7902913710001167,0.3316137857498801,0
2.3800745013618854,0.9168712278882187,-1.8252027098366852,1.562094904921412,3.0629665600936447,0.5947741449161267,0
1.9724426811414089,-0.45419690527712553,-3.9450270005073884,1.841895436954944,2.509547797000595,-0.1326162665722168,0
2.020475562328113,0.12342656575518995,-2.7813393476986445,1.4253424144909785,1.9745257737613175,-0.3868487782728822,0
1.3382255563691088,1.0944527519405303,-2.9894440424958675,2.684722104907627,3.5833043347934073,0.23475392306171955,0
0.8961897054246016,-0.48886152852756215,-2.782235476348757,2.314663417482533,2.9100961108228507,0.6250037362832551,0
1.341414749067944,1.9601450766286064,-2.5222178938422872,1.9990352535749487,2.750957303843362,0.3434264225826651,0
1.050975467566146,2.4569778792175754,-1.607275254182962,1.426268271416808,2.351169726855857,-0.40496700217011944,0
0.3453646153323071,1.8230516060151989,-2.578332453873921,2.51689277588563,2.4367453754736914,-0.11059480330134157,0
0.3854290460645634,0.7098130645309513,-3.4218741061606366,1.2271604749543163,3.7605329975844164,0.38144422438270054,0
1.3966340671264763,0.6190577007934709,-1.7780236226885444,2.757814611989932,1.8973714289163004,-0.10383068340412507,0
0.6131530269705238,0.46435444651734153,-2.370087198195346,3.142922705440212,4.133401752424723,1.0636050900810032,0
1.1966599658275592,1.0024758252018162,-3.3375708790166785,2.4911116784073903,2.2906762442425475,-0.3028908586049372,0
0.32336418898405517,1.845736260477741,-3.7257483674510947,1.269928244133363,2.922264787845279,0.18290710795252588,0
1.4909026253362596,-0.14596614975702116,-3.0422883395955713,1.9048285233488735,3.663841199755279,0.4219766695601268,0
0.5372435677602996,0.627758547499365,-2.6343446587274104,1.428469123620907,2.383143894677994,0.1697051057423379,0
0.5615536825299784,0.9940357826156985,-3.091210843709575,1.0348642963660848,1.9687156629009097,-0.46580316425989604,0
0.759498331020042,1.4185395938729781,-3.0552859142726168,1.598362189870734,1.3111240585051729,0.0513198600242516,0
0.6171383240599568,1.5030964378676326,-2.105803484622843,3.375888245524241,0.7752043652907783,0.25814982522172397,0
0.27654901520909586,2.2868785203436137,-2.2763725923627076,-0.5707308861087959,0.7494703079474072,-1.1469995698370767,0
1.0768085472786195,-0.029265781799221458,-2.463689910889365,1.992997189728389,0.46437552513931024,0.3951095712532279,0
-0.053189637934597855,0.5710402076272174,-1.719836006523023,2.4457462672496986,0.46933394154786034,1.5204594148109898,0
1.6909355444702547,-0.10354919121631889,-2.8170309610250817,3.103897568620359,0.277361317079041,-0.27504800364098475,0
2.1480642314201717,-1.2986400812134726,-3.0744029362192076,2.3605666526022753,2.4180066948970467,-0.5076667775465398,0
1.8753327138043372,1.4292156968455476,-3.195335201691885,2.9515446212729266,1.8650226980626077,0.08875938484799607,0
1.4228871721350136,0.9256057593804211,-1.9642825229499759,2.3993337102957133,2.4781469826070053,0.21554153736819368,0
1.7992186789190432,-1.2529318621089653,-2.9937793875190915,2.115846629093704,1.554516705252884,-0.21067135698754746,0
1.0854466874395663,-0.88394928765705,-3.3492167690240042,1.7849043503311686,0.7976668545832724,0.1643756511579061,0
1.1851685160061933,-0.9103970210858972,-3.0746549377223498,-0.3687808465139928,-0.6270735698109287,0.5295351202932855,0
2.503360574649034,0.8826985772226945,-3.274032409614591,3.421558554408339,0.647050154691299,-0.009212116894253925,0
0.6968962929182072,0.708370477169909,-2.9053970690647444,0.6895554859889732,3.4629510092411575,-0.4025707375551656,0
2.2938380335809985,1.6470085128845962,-2.7407273836197605,6.209890008362448,2.962609077198798,0.5226362678900366,0
2.255636075059513,1.3427168312349909,-3.419448668971785,2.4967608929989176,0.5152222539930131,0.7626404013683568,0
1.9598234855410885,2.0081311707284,-3.896161286590196,1.7724707821830568,-0.2585234789248243,-0.16880805222352385,0
3.7091629580916203,1.0242407452029485,-3.4496201607059476,3.0457821680675896,0.5166655908317603,-0.6483749469787571,0
3.4614421598971448,0.8457928788498288,-4.0564666039518205,2.6636968415656757,1.7827464092938548,-0.2948104962666331,0
2.424340651154665,-0.06669461805695881,-2.843672714165516,-0.30858343865351,-1.6941168641871616,-0.3997373087559922,0
2.9350200895591154,0.6832582278468994,-2.6524326988860105,3.752945714586888,-0.052842698455795256,0.5959986722020422,0
4.228755850772055,0.19281720281045672,-2.392840122565788,2.122771267763314,0.5348378430187244,-0.45371623630456165,0
4.026814829859171,1.928613222937256,-3.586381411755032,3.58760427509081,-0.63026930630588,-0.28550455081937093,0
2.9596115007991886,1.3860255613085648,-3.3936133676373648,2.9084479124094726,0.13556473081538178,-0.29906429981718896,0
4.399729438225633,0.7036927871857044,-3.71909065536115,3.6076886639888155,1.1953916782099843,-0.1871215474629876,0
5.252432037815517,0.7083247415022285,-3.7105469981673287,1.9216221528294077,0.9559299676071411,0.40504638380486163,0
4.880022271983319,-0.36638288178620826,-2.7581675326352477,2.604062242510848,1.6909499202580824,0.5124105823917326,0
2.7712555435477126,0.23453365310983904,-2.914934673825583,3.708429758853055,1.382384916694595,0.5232957601665927,0
4.172974941113176,0.8137732749313286,-2.1591030310550456,1.4553651303885062,1.2875094559647087,0.7968357072560805,0
3.672030385598333,0.3996942041162529,-1.948538945599733,0.7523142687411999,0.8527633361368971,-0.18746737027598206,0
4.27182776278364,0.03616375077275097,-2.0659636546180304,1.928693951543139,1.3559407305900666,1.5878588811833976,0
4.824735829537484,0.39676096184088083,-3.625685497093626,3.6824063966380596,0.5173569679031371,-0.2152838984036621,0
3.2356622891320956,-1.0662666375815122,-2.647316266436487,4.46015078857186,3.141753364244175,-0.5583946527047692,0
2.560702426223231,-0.2920030943324725,-3.186131744301786,2.4788826864952087,1.5050622535473264,-0.9748188562015097,0
3.626646869183031,-0.07604435811325488,-3.9745089639235647,1.5185755101371994,3.1231256446855755,-0.37700511911427875,0
3.7983117468827636,-0.6995395832855995,-2.9593540466490347,3.7240578328641316,2.523076038599843,1.0713972065675188,0
3.6980600606685736,-0.30863619040224277,-2.663503685471539,2.432841838675425,4.0874945999447485,-0.6220648235431859,0
3.985551397579526,-1.8505694872962621,-3.3756343589540707,2.615686963952965,4.351979260597797,0.11664762480332778,0
3.452594620445565,-1.578434412117602,-2.356415379063849,4.102643530811861,3.3851679022076837,0.14600296803934493,0
3.3919173091436585,-0.7201826035377072,-2.913049593399544,2.9187336973361027,4.374040305868001,0.1769358272322875,0
2.512461091665502,-0.40047754073071085,-2.774667642504172,1.1811720106183083,3.7504313312784783,-0.3009375531601559,0
2.4430871991854204,-0.8558269648364405,-3.318752231819249,2.1933408295486694,3.850702236026673,-0.18879005556321204,0
3.056584126494811,0.5667631461976234,-3.4060630192769175,1.7633054371253003,3.186093813392434,0.34517559171106127,0
3.0485517112005542,0.10522716551238134,-2.989947551847582,2.8501122756990784,3.2192238106731854,0.46242393483511113,0
2.63249378690177,0.6813941898963087,-2.353891749180132,0.6206138483125143,2.9120477261778226,0.06948121887350638,0
2.8533630825854255,0.17280801445877408,-2.5707984653443994,1.2382905553353032,3.071711997825576,0.10815078019988265,0
0.737071649099237,1.4531448715280646,-3.9571640002321598,1.17278143261424,4.8120514980770706,1.0802733178713915,0
1.6241367667564828,0.38896660444873193,-2.7638302447260976,3.1384058063844993,3.954523887131876,0.321200513749589,0
1.9283896920308954,0.5859141287993153,-3.5680789178158694,1.4396870604892422,1.6189173775528523,0.0011626090015991806,0
0.7456960413912008,0.6981768991792154,-2.8764394699583984,2.5896405134756875,3.052338413738902,-0.29889878040178003,0
1.2557822020946503,1.3722131370944084,-3.4509492058684943,1.7729459000509742,5.1637481246034564,-0.15136102362054654,0
1.1275050175356576,0.605289873361936,-3.009834159559328,2.005876853397226,4.062922275343666,0.06681031980683266,0
1.3175071023767821,1.588254135287411,-3.8009424971805634,1.7957741397955036,2.2082565614407326,0.09860219463474976,0
1.7612874374619563,0.65493168636751,-2.761063886334574,1.4113859546787668,3.7629322978138218,0.3958232880094485,0
0.06943477973347123,-1.5117850064024696,-3.432407368594409,1.1492052129056547,3.9774865469722824,-0.01151773478632979,0
0.027019754764767367,-0.9327365137759813,-3.227919038122098,1.921176223622111,4.130810386984404,0.02800155910005007,0
0.6634278387440644,-1.1193113624010858,-2.845287532447881,0.5978730796974538,3.0448333881100234,-0.623680983513788,0
0.8502344632925452,-0.7130511888194051,-3.458055789752972,1.3269374320825962,4.620700036360946,-0.11438487294000305,0
0.573393888702123,0.9138773452184659,-2.8342995925049794,3.4635693696586043,4.605534222329116,0.25468232984469347,0
-0.2325803716962237,1.3170020477366982,-2.848066850046048,0.7979708329949327,4.549979911594129,0.22469382722893907,0
-0.10975970436722471,0.3283572604552914,-2.2120782529420895,2.472637276334551,4.573857792174152,0.2932518062931715,0
0.005254672246503667,0.5467762060937293,-3.2851653513752543,-0.23787869791267413,2.7526058727435823,-0.8015029983929364,0
1.121517504500077,1.9128802208621305,-3.8285553840060915,1.6383043218728888,2.3064030931678845,-0.6398037363850135,0
1.4942265414732372,1.7399852625459349,-3.4620544650546616,1.6346351009092328,3.654808588832727,-1.3842217737047762,0
1.1693434759050012,2.7212831093941023,-3.184808745717792,2.424837147572715,3.8933209125973605,-0.09328525279549861,0
1.8067623632673206,0.6860140782773624,-2.9514527328230873,0.7009097333853394,2.9843005652748174,-0.3404722733557147,0
1.7865976746284338,-0.24833360774098145,-4.608474053155678,2.47447291904371,4.9975811771769765,-0.2475479339274419,0
1.182761278966307,0.1536178596374244,-2.5199545466081172,2.256331893975479,5.2529116087803,0.4893753945251524,0
0.9569299845452925,-0.7386803999686052,-3.9993008585079575,2.9288382757891958,2.7614016555357597,-0.28328931741997443,0
1.7163660114093096,-0.07505406265523296,-2.9918812371494607,2.8760551468487368,2.9059090893451685,-0.426670706975111,0
2.525217242958977,-1.002723527057775,-2.595124148024024,1.8148475568839106,3.8438619939751977,-0.2496850772524516,0
2.0664021879751493,-2.103457157360388,-2.8643706687777204,2.5339680030251603,0.20609144600024498,-0.8130729036641484,0
1.442863081655453,-1.4229288018400905,-1.9283154757659666,2.9471916820539437,2.033938456909764,0.49255822816446165,0
3.099574792819126,-0.4231484129873382,-2.5773172163353197,2.560136927546672,1.8485867732687216,0.28849615816082674,0
2.413720661569496,-1.2919812373877362,-2.8911883114037193,4.094231832238066,0.9875984104502695,0.06877228841411358,0
2.0850008935156157,-1.9596239785166993,-2.909320630359897,0.5974816435313672,0.8624398136563094,-0.2718075597327257,0
3.0503547183608406,0.4046262678976238,-3.0806355408002624,1.6830095862483607,2.5750134863495457,0.6895132837299787,0
2.6303032553847245,0.5648636089576397,-3.249909769274052,2.8751882471596444,-0.043757319123621574,-0.4496964593673747,0
2.4953597584759404,0.6391931995336263,-2.4795968669336723,2.2405779777063852,2.269598370072648,0.4162138577296438,0
2.9399941920816683,0.8222984551016765,-4.305864411961533,4.055879792513116,0.44538900509598967,0.01061630026986143,0
4.511377245748049,1.5858554677982541,-4.223442703166319,1.1961250585188758,1.2551637269705742,0.7327291274436516,0
3.948635367427396,0.6892359879080132,-3.525827244285178,2.035134702933315,1.1652940065669353,-1.0026255033103746,0
3.34192794671755,1.024290446700661,-3.848523956986778,3.3848314529277266,-0.16898651816382282,-0.052231243180539344,0
3.7573995935266513,-0.42948823278680215,-2.71293125499324,1.3512495393053268,1.7863259079384324,-0.06680310628848159,0
3.284118568798636,-0.9541224379263069,-3.536450663493199,3.582622060040744,2.866641589030395,0.4666266044522232,0
5.089422417087942,-0.1518320925840964,-2.3535720689191555,0.447501079957501,0.7477130987841569,-0.7377125829107448,0
4.687308316813,0.4052041718986226,-2.4811425613206706,1.879776319956081,2.3961277484801693,-0.41401145511221715,0
4.000455802135589,0.36955916289546864,-1.4666890331333362,0.6927549516056231,1.8028824587202832,-0.3650750781967699,0
4.707134262720572,0.08326098625638584,-3.71832694492926,2.901402361021374,0.2933737546723013,0.47702793748872235,0
3.797703360826263,1.5810616009495777,-3.8003399065860495,3.6092316968615044,1.1302342705428707,0.5447843359348923,0
4.503792885770131,0.7832482893886512,-2.9101673318725574,3.437143070320781,-0.014734761043286637,0.2073593825706221,0
3.879155296544389,2.1045035545467607,-3.58443674637899,4.062266100236248,0.3205615648984732,-0.7948241733004564,0
4.365718471858223,0.8727249098577661,-3.539200080637276,0.6899589554270786,1.55441500311845,0.1453850028072244,0
3.8605817272625864,-0.3415288278804809,-3.6089555755721556,1.6666227929775186,2.9102012739594834,0.8299214918410912,0
2.5165431260880204,0.06611315295214087,-1.7683939851480786,1.0129599583294147,1.1071773144455492,-1.067529840624094,0
2.272151988086024,0.38116820023054715,-4.028733185146506,2.1378249773156526,2.4548402723902893,0.11169154875399159,0
3.4448305857956676,0.1340795463882142,-3.173326072653778,1.348966298078638,1.3160322865237135,-1.1254490829377006,0
3.755847108545809,-0.7002179744205782,-3.5136345202504673,-0.12826223760639754,0.28355061522789304,-0.48993252743632615,0
2.6631176109984938,-0.02239320389935623,-3.1233476063080574,0.7592613597104763,-0.5957971560700006,-0.798911239709434,0
3.3706828626792102,-0.07151867467012313,-3.39586994975116,1.1878839755536874,3.458613837803326,0.6014578383123345,0
2.99624076457704,0.16089610216629793,-2.9144812899123114,2.215472320338216,0.9802800419199105,-0.8510276882431089,0
1.9671160716118572,1.5284612418172472,-3.6277741150626324,2.0243360760916884,-0.22011886733233266,-0.35639006706079257,0
3.5692072080652433,0.37720160115326273,-3.3363629126535166,1.7141252956246533,0.9773046476441912,-0.769120568072505,0
1.6276929605952333,-0.7896075828548009,-3.6906866161289806,2.5243813484085553,0.34764073927499406,-0.197662575449284,0
1.1784667668814897,-1.3263058775806462,-3.4766263252557885,2.811434378710182,1.3852411601668886,-0.47283686488558957,0
1.8400353935459155,0.16666483847517544,-2.4711273792266053,3.071015492641867,1.391644988588702,-0.39791815104205325,0
2.525991898092715,-2.242547936555629,-3.1668409215905293,2.202677619421113,1.5786922151390903,-1.2976942515961711,0
1.0317652213678348,-1.5370541653062668,-2.9223871738667224,2.6436629689473765,3.9386484149033656,-0.8618731249682523,0
1.7481501913679331,-1.6801579003505427,-2.976602788582127,0.08460799445344991,3.608576496579976,-0.9730315601858046,0
1.4152649137742082,-0.9907278255808485,-3.1178804221121985,1.8680652668182096,1.74158420292742,-0.05249585135221864,0
2.1890584959257344,1.2977609546788542,-2.9159584022806553,0.5785599532717303,1.8574673946284914,-0.2929251965740739,0
1.5932181431056334,0.7097433550247457,-4.234465241090464,1.2530481301508198,2.1226316124733,-0.4182410101982548,0
0.24757279550528055,-0.12481813698934446,-4.115336023677541,2.2764690861058035,2.7519647646283065,1.0246095414913243,0
2.5019205573987335,-0.6259904277147502,-3.5360263277927486,3.265894937791682,2.1174190777348656,-1.0105030247072906,0
1.1216746474816026,0.9272274445739703,-3.3018915100888075,1.917906753085735,2.5783971540741963,-0.5656579321000637,0
0.9923395420346305,0.1871016934154694,-3.8357765901885994,2.693698799560269,2.2771606153639476,-0.08225553545229136,0
-0.11122142994843032,-0.504363500558808,-3.7785395514877456,1.032981057391299,3.632145272748459,0.6196067015701976,0
1.03492720331,0.3266497704251635,-3.428769112182033,1.2018551892716536,4.361636181058107,-0.3340075040643828,0
1.0765030291972773,1.2097640824795628,-2.906381103371824,1.2624855884695276,2.7064203643025593,-0.12911634213599335,0
0.6447569654589425,1.318592164067684,-4.312341384318924,1.6484886671619048,3.09846802781058,0.2649012693231713,0
-0.711081317337876,0.7717428496490019,-3.7595834015975713,2.0916347761810496,4.806501550447519,0.4100113973322748,0
0.14375580550894324,1.6123360138539014,-3.2689953116217483,0.7338452602815524,3.113136065164387,-0.10562695652325588,0
-0.9903075189617687,0.9324930827405943,-2.9327429462403023,0.5691594087344698,3.1917090194238256,0.2853625531879177,0
0.12786467629216514,0.4144261514356481,-3.5056858707842364,1.4308093627850305,6.013930149372962,0.675367069232563,0
0.8275530682961585,-1.0632547958386385,-3.072286608563188,2.4710537444516087,3.671188119515544,0.3582020778225118,0
0.6162008351644394,1.3341317451692498,-3.4864292691737133,2.1580234562299925,4.006347992122576,-0.10244557790975173,0
2.594641500964422,1.578925299818616,-2.8314894272866504,0.11516208054299715,3.373995286478694,0.03770704411088795,0
0.5764202708792513,0.4903995885472374,-3.7745542411662587,1.0054068957872626,4.242717699004894,1.025171672790067,0
1.4542094284900893,-0.004181223572425979,-3.0711495237003166,2.486211177366096,2.468260199598795,-0.3284252794602193,0
1.7153449552962026,0.10622661773462735,-3.3405189669194693,2.494785440828342,2.7501855868476963,1.7708133152323993,0
0.33462238011335077,-0.6363158032309386,-3.333310558623587,3.7246778916916874,1.9219674000953046,0.48039711325727585,0
2.007469987030551,1.1149492860214283,-2.5071914370579433,1.801656469552551,4.4169734528378335,-0.19866035603702442,0
2.3914803385855894,1.9861505929300296,-3.13219107921704,2.325500921125956,6.153434758724504,0.11515619812722484,0
1.8899207742741773,0.2219113298985652,-3.2131473049770185,2.3471376523283527,5.3238435496248115,-0.2614929553027059,0
1.7245690754248533,-0.6995778447430897,-2.816584715042708,4.197474325137674,3.8281017582864454,-0.39819727608474487,0
1.9258621767026862,-1.2139847550545775,-2.8498852862153115,-0.13491784313869015,1.6295957165514958,0.14115149484809797,0
2.729822320328932,-0.0961145903987351,-2.781052821922819,2.197498960956017,3.1926726627223294,-1.1518549850127489,0
3.652392341935918,1.3437675154843145,-2.933206366332601,1.173182749055423,4.113059760155175,0.1509195809398619,0
2.674441892235332,0.21686955926503715,-3.7147586277077833,1.5856077349817124,2.426118251302474,-0.79589373952591,0
3.2136931117182836,0.9721854539078139,-3.655829527516086,4.302270234956152,1.5702976206690673,0.41157333790532374,0
2.9763032956727766,0.03953675172976573,-3.597892568189004,1.9333221331937376,2.8203123430662824,0.5323671025975065,0
3.682880233772928,0.4162049400825257,-3.388575226785982,3.575489101172992,4.062197901704882,-0.33799754237242385,0
5.205613601492126,-0.10462356850249005,-3.1234597458003015,0.1449490073808426,1.723235494674309,-0.13505614173144717,0
4.897395977931204,0.08591364572076018,-3.836186735892193,1.8752802495126173,2.9617528542443865,0.5243091787729957,0
3.2520383360053047,-0.05679461788262158,-3.5172755818156647,3.285594821314607,2.399986599610324,-0.6098553170840404,0
3.8434407518794687,-0.2238346602530617,-2.9798242203862366,2.1645434781651542,1.6141839793665385,1.0764480461136463,0
2.8287452589492705,-1.0874832745295753,-3.466511840395956,4.006634324701174,4.947619816231771,-0.02704303865465048,0
4.822134132522528,-0.01082034249523034,-3.0739678432708435,1.8476024062740213,2.158544845662548,0.3228990663235819,0
5.30366883793866,0.3365195162361007,-2.865311695536442,2.0220307131585202,1.6594894891923462,-0.7145828309770782,0
3.549583639255631,-0.4933366729092096,-2.720472633363671,1.3633154986154432,3.470152046523026,0.11037540051162827,0
2.8463086972384932,0.8450529814722854,-3.768897700727457,2.759780073479264,2.8276692887540893,-0.2137645258080905,0
4.259168812696571,-0.8380208568861485,-2.667012088443186,3.590676029394759,2.22955702441135,-0.027160980491897475,0
4.371245017493754,-0.3384237058541517,-2.7587184518014687,2.614302926743626,0.6501744498968811,0.5448474562996634,0
4.323629998884877,-0.47606682538097955,-3.9752000574636677,3.1883956822062793,-0.37334211608587964,-0.5961672948589737,0
4.087741745542927,1.0005260771044555,-2.3708212434049436,2.7280292250991964,-0.13210317718399045,-0.6336096692919759,0
3.2086711905670295,1.531361432894781,-2.878442897520939,1.5058008496578266,1.0487101280697293,-0.1522683218441052,0
2.8975100251022083,1.3669348456131976,-2.150719608517891,0.9359083545450366,1.4353342014906145,0.040428845256811834,0
1.7838037419709836,-0.21888003970476444,-3.1084148983269233,0.8634773248073202,1.5462122183023057,-0.16935819039021346,0
3.901403914150788,0.14313306017459512,-2.9162703418683167,1.4534067352795497,1.0170215836656034,-0.03446700596173336,0
3.179122236942998,0.16808139810817774,-3.233077966070988,1.6452204273200808,1.0030429524930402,0.26909825553379535,0
3.3771892750344463,-0.7518808281276095,-3.06690007897819,4.706500071350671,1.979241383363564,1.2073500404836521,0
2.639247071656482,-0.3465745303713561,-4.011360642157965,1.0194904694858318,2.7699732197724205,-0.6703159236413686,0
2.831055595170155,-0.1037102656266835,-2.8752058091305432,-0.5688439626005319,1.3636359138250502,-0.021724703091607726,0
2.4270883884115326,-0.35569245116723414,-3.371422635092173,2.2133586870112523,1.9167996540984995,0.013603536424809385,0
0.8443886372794751,0.7185420283659247,-3.6044615664396664,1.6912388097753992,2.1818298014340978,0.38850983694324653,0
1.445646519504852,1.1261352714618176,-3.934741872014287,2.346454741658386,1.7038146248343786,1.572691901047809,0
1.0051970938810495,-0.8314482499022557,-3.0694851139198787,5.949447766571923,-0.34808423380849973,0.23591515968242804,0
1.840836916881479,0.8432049982192474,-4.08581423717416,2.964215638910852,2.1832428955263676,-0.23654297974190916,0
1.6043549261807697,0.42835441911694,-2.835333941138348,0.5158946646351956,0.9868133037504243,1.256698693700508,0
0.6879226793707972,0.8780160130420386,-3.8164234278412312,1.852828880165346,2.4211463704078326,-0.6837107274052335,0
0.9622617095957222,0.7832137048386006,-3.723091552354332,1.2252911321563251,0.30331212295189547,0.5831640653230468,0
0.39214359735037085,-1.423238126985916,-3.9121559538743256,2.675798276309452,1.7047262889795114,0.6073589388640274,0
0.8692132484377704,-0.33289770807511343,-3.2247277442173927,2.015608370887644,-1.6958224123010612,0.16026886809748606,0
0.10292567041825751,-0.6972931253677942,-4.478052426940469,2.6595082922803286,2.5544089857332413,0.18352280472141544,0
-0.6270158118695377,-1.5401467352459657,-3.1090296416715693,1.2223987674633245,2.305725972025329,-0.5936157536092013,0
0.8536073244827523,-1.3876213893030207,-3.9255521615676248,2.8990341674126086,3.151601114125981,0.16590058644675543,0
0.3172478593312157,-0.3263212773834816,-3.696899249334734,1.6307674037915734,0.8541356769425549,0.08015272493228728,0
-0.23960304786981979,0.4501319880502844,-3.8235693166463007,0.07644372856722459,2.3428452108578917,0.4477206390601171,0
0.7941148409030597,0.31546966918681824,-3.3722423800945633,1.3885225629642952,0.888533304665224,-0.36755815410869136,0
1.0018937854530008,-0.81991650760864,-2.75390569333449,1.9617762739470332,1.8377010209663531,-0.6669493571848888,0
-0.036492730557398656,-0.05724246926287896,-4.911577113033637,1.572984755472674,2.8152184309969934,0.18409726051446687,0
1.111133171182266,1.5862195434123116,-3.7645268522973674,4.462277066010987,1.7975959929503464,0.0116515044331345,0
0.8756740647625558,0.7394822327618028,-4.177333122145101,3.5584315526552404,-0.44705197058537105,-0.36103714427256806,0
1.4421526827048838,0.8147465576749677,-3.562118696538131,2.194435669697059,1.101565221619787,-0.33373281651844516,0
0.8670278230286604,0.3844568025981035,-4.0052013511193305,2.372969185803593,0.8172002678528478,0.6947472609158274,0
0.8784053781419849,0.10467010405745025,-3.6561694830435374,4.426489598977939,1.8229453477211723,0.058432048369781664,0
1.2767955503415083,-0.09153788295519266,-3.2996245594518676,3.384421973101192,2.303906117023697,0.5454381338401492,0
0.6056959776894504,-0.6447090516779682,-2.9035543550491285,1.3892547158429815,0.28866557480254973,0.09502674274261015,0
0.7143045965688296,-1.0195181887785763,-4.394034612652743,1.5924233024011303,0.2439684708725276,0.0927891843566167,0
1.1770530701785333,0.17803904129821246,-2.4738487715669155,0.7603015134036373,0.3044409703134532,0.05474380169233381,0
0.9586794349207879,2.4234972131006742,-3.3700540566777386,1.7156135697752246,2.4691548537031824,0.2590474698219278,0
2.5890996503607835,0.6456807722265392,-2.676480800976409,2.1889426458049623,2.949124393454988,-0.2039156932725998,0
2.9727270822651497,2.0308609208267283,-3.3835363741358737,2.3097290988354606,2.11191304554441,-0.4559347368198848,0
1.6326232844346509,1.815112920438436,-3.25191217199573,2.1161549969321074,3.69354199960974,1.6020965384398518,0
2.0413478807737766,0.3393806621884563,-3.124952672702088,2.7220360676414757,2.40006533121135,-0.39518912089050867,0
2.625998416863045,-0.2916967726430335,-3.1497366370032296,4.751030557626837,3.6313926707850186,-0.06832885644644962,0
2.3775856859714413,0.9235909178461004,-2.9288071642917166,1.4272133490630334,3.025505078596459,-0.7562728263184756,0
2.5201317172342574,0.2179202543823912,-3.5394594896042895,2.8736883083375755,3.3349343788217793,-0.24789080082304824,0
3.508501674067432,-0.3295819548365705,-3.1830772925833917,0.6531469330739241,-0.22733158240489848,0.06810856052112513,0
4.67396784827443,1.0969590217300313,-3.6631597087107926,3.130501221282316,1.889226842549956,-0.6989672430278703,0
3.305229055617669,1.3180228257556408,-3.5160900650715434,1.7188610890579212,1.9026807119135258,0.27727154470940607,0
3.566754157647345,1.0480340839608662,-2.7779634639536135,3.875580671641592,3.5023789936604297,-0.42160807531465166,0
4.874303946114726,1.8537991947413757,-4.064055792297898,4.882164331198617,2.7770406630154088,-0.993327978967685,0
3.436265148187796,0.3976948849955936,-3.419268269033861,2.407821106181251,2.5434008275907236,-0.7249692273710717,0
3.6099796793464836,1.398904586365989,-3.4296180644870713,1.0578622247501575,4.467685289047003,0.8075384083885071,0
4.334620745213105,0.24934844424783942,-3.0583771109498814,2.4616512838887976,4.8979373145091225,-0.5623420368253655,0
4.190895824248332,0.5078895498354841,-3.6123866630256396,1.6966474997563474,2.7399519059810302,0.1990750386009051,0
4.257197157567587,0.20949597603949788,-3.905376493651322,0.47909384164929847,3.925988530560049,-1.4156898397543718,0
2.755931955661024,-0.6349171017754348,-3.3728860329735486,1.1838820216081287,2.622383304874909,-0.2599053834473236,0
4.0829866696241925,0.4371913648725953,-2.7218725108295843,0.70778446575681,2.866232710379869,-0.5925475081037805,0
3.684813651125783,0.17731177116163965,-3.8671491975678594,1.8064096259383193,3.57372153333833,-0.2228643236499161,0
3.5529192212534797,1.3804044803935538,-3.9003510931761336,4.245013110293803,1.6648507087371143,-0.04678933442471141,0
4.086972417482374,0.7654253396203321,-3.969624262091622,2.7249963138269386,2.1747331386772357,-0.1275503548877703,0
2.3587199000128294,1.7674681306682325,-2.35917281826653,2.601457978114476,3.649324229196935,1.0036051668245676,0
3.1331716368715603,0.26489653726567075,-3.8504393713219986,2.504182452073228,4.097195899753975,0.4609042816603994,0
3.130921948727377,-0.42065990384769203,-2.4334994071558413,4.238485472407973,4.442793394890613,0.676895740395174,0
4.692316012410556,-2.981819132833561,-3.5553048936609715,1.0316639353788,5.485101803151698,0.1052296759432935,0
2.261158851936715,-2.2352114427044545,-4.061482482072888,5.231695904908678,3.316890496268068,-0.885485996841012,0
3.424485157592681,-2.2839088749683447,-3.6674607013652833,-0.03002752953372312,3.106731867709878,-0.4422152062842617,0
4.26016179014516,-1.5925537685932873,-3.771606454479936,5.0592593522842275,4.134955110587989,-0.9482423550139196,0
3.6086530990627623,-1.3834703259168373,-2.6808554490602523,0.7138081364903428,3.120607571987723,-0.04167209458364,0
1.85982114821501,-1.0693728103597109,-2.9227136301095094,3.235857941069689,2.7202533431851452,0.7858069562651828,0
2.883545191131433,-1.480658485108254,-3.849455207331089,1.5273126505255734,2.8741334946084836,-0.30244093518377413,0
2.9056022014131155,-0.49019020617691433,-4.217609937114589,0.8792476327113059,1.377067861184287,1.0279602644131722,0
1.9845926621351848,-1.588593575226179,-2.7040024430896197,2.01344497353052,1.2735320900712903,0.364964334642169,0
2.217079116982385,-1.1123999569923997,-3.100437171684977,1.1155467303944853,3.6470794681821115,-0.5946862176375263,0
2.0933879017829313,-0.6809775470033022,-4.273020857316787,2.8776131972046777,3.3425050097533484,-0.5702827699959618,0
-0.19714620902433233,0.5892991603667066,-2.683228664256588,1.2416762993781563,1.0450071974964248,0.1330413048813226,0
0.45919388795735383,1.6773212581061203,-4.091948024408014,1.683332552219715,2.239793618843977,0.10107974567598343,0
1.5868365830551183,1.3527712651428148,-3.7574798491117396,1.5671612252668223,1.444805294343809,0.3401090396072964,0
0.943562288524191,-0.22977295864538594,-4.090659823521694,4.6950376006851275,3.375474827619326,-0.37581985653854294,0
0.07286654830636707,-0.8316555237366634,-2.7984009661978604,2.377866386833484,3.187480550920919,-0.34148885936498746,0
1.0900566323945156,0.4626196517577743,-3.175158451442839,2.354974986582609,2.631361533559706,0.2878043494201752,0
1.751814329011297,-1.3481059713035275,-2.9985612250895666,1.6706302242898186,3.154746109917733,-0.5835984812427438,0
0.33001553532412936,1.1198818877299792,-4.2709931114996,3.900948967455104,3.381577700870242,-0.42812020559594793,0
0.5630559950357255,2.3906222829703623,-3.2381436731352107,0.9126484761531317,2.0651311028947537,0.34995427327235107,0
1.6248370825046934,1.0092048971284804,-4.156109800800986,3.1436262185652684,1.629165152639013,1.7183867589258843,0
0.40853723141419945,-1.5587224436673328,-3.211734225562778,0.8443156793058255,1.994586026929358,-0.012729414173296425,0
-0.5828736732150102,-1.9421204025016778,-3.664560905343556,1.3655798402221249,2.6344851627406527,0.5488518436712256,0
0.663658667132314,-0.9167739203224097,-3.1535461687648216,1.9076787717311285,0.6599657230640543,-0.314992191183254,0
1.894470421353339,-0.2335180894902012,-3.9384562212757133,0.8416193498407807,1.6852080270363339,0.7143167704318077,0
1.4749213211421761,-0.23026071393109493,-3.5214050159152377,0.4466527189452296,1.7292817865288042,-0.37994371072964955,0
1.062055402072828,-1.3699905792816818,-1.9241876860865528,2.5082382430414327,3.81651210232062,0.07209655243212523,0
0.25080557214499005,-1.526295752615026,-3.3948915066473933,2.948209152706315,4.6803122790777945,1.0432767273289592,0
1.0352227818603774,0.30445964286578087,-3.2761451693969352,1.7507478285518754,2.029891542548074,0.47610433279709874,0
1.676369150877982,-0.45544908714737253,-3.602342678543857,0.25006027196493696,0.3764930306014518,-0.21199196346058874,0
1.8142542586211263,-1.9108828591700768,-3.4654427417647256,1.7081953500794873,1.3800774741758528,-0.3363459194915725,0
1.3786528655282326,-2.0849739559497515,-4.141159441569638,2.2639848105337745,1.7021753857968998,-0.27074676656792784,0
0.5895399517174261,-0.9606011455447261,-3.537288016381199,2.5163768893408482,1.440812747611551,0.09731721827766378,0
1.7731819423901283,0.3772732422837257,-2.3486370054326797,2.070004764427316,1.9210921146416324,1.5031996150940907,0
1.81450677543706,0.9839700602719135,-3.365709143020894,1.8235227664648643,0.7758669669527549,1.026294742627928,0
0.8292145355536811,-0.3815776400559068,-3.79942851084433,2.955023743190161,0.8298524631772488,-0.5289782405706999,0
2.864470798131869,0.010692318094206593,-3.4238797220315362,1.2019258092192562,0.5879977792633979,-0.6390376501373115,0
3.0103158439435496,0.7304347901780339,-3.1533675165954556,2.9735792108095174,1.1244884996896243,0.22658084943495657,0
1.828278697387656,1.0948802889933242,-4.071052845882738,4.1289409420323615,-0.37704495305377694,-0.10075827287538458,0
2.4182378968003126,1.2771301850097179,-2.784384693024066,3.341880240211262,-0.293991639530615,-0.07102026102785552,0
3.193908543336994,0.40750526974225604,-3.4168667547437384,1.180871853409172,2.0921787363235342,-0.6218766458014789,0
3.196965193561311,0.44185798938879356,-2.9577080509362004,2.489709052480248,1.6296895562758862,-0.6129174630936446,0
3.4847372119954976,0.7043902037561497,-2.8712646578671106,1.024490470949327,1.0018392750104121,0.3230403067908333,0
3.304178219037689,0.8234034395070244,-2.8200565920372185,-0.19750118829626606,2.168059580463113,-0.5638694062558584,0
2.8988274191954497,1.0916675209989475,-3.4695845699393892,4.571742159518976,0.8495944195924876,0.7818984381249804,0
3.9824185664114533,1.368402447186295,-4.056825823275176,1.851039562290528,-0.04860990871914339,0.45326162983457385,0
2.408176910074827,0.06478306640286502,-3.9775830752463133,4.020196013210851,1.910727330970611,0.2130553513594297,0
4.077361428470345,-1.0938334875247475,-3.2134134012724953,1.464743710631941,0.5594052039911084,0.08722730721700005,0
3.474278298180555,-0.17274146720630684,-3.766848574328374,1.6329947118125956,-0.31031025315830796,0.5776405900540509,0
2.831298241634455,-0.4781017855183013,-2.965712634707236,1.772798952262508,1.188023973646016,-0.4325191658631258,0
3.1866468751237784,-0.9882777085243515,-4.015895074132594,0.6008718765498204,1.629571512210191,-0.7628100249423976,0
4.982350353642447,0.31860974980768086,-3.227158998105482,2.8904092663979055,1.6232401215314922,-0.7916471671856099,0
3.7346919910125305,-1.5702380969872218,-2.9428407074982053,3.554053648338317,0.8410014431549526,-0.3267990961583296,0
2.884711574698837,-1.0295426006269592,-2.978645021513078,3.0036664980893155,2.8946092205560747,0.8133719494430278,0
3.8492370554916064,-1.7879996409615222,-3.269475771007688,2.951405544488922,3.664522233433078,-0.05272904976841496,0
5.109433506133319,-0.3929985992688916,-2.7104635628400975,0.15731258208144316,2.878458328358372,0.0064921399379797295,0
2.622765714249448,0.045247653832492796,-4.015559017660889,3.6664068942219283,2.079742950536732,0.29910486380172896,0
3.6940235925767473,-0.0024318973521067766,-3.3034096347447526,1.1093168448992228,0.659143569438774,-1.1743713874918567,0
2.2841512603685157,0.7803498493242594,-3.297404467534899,2.3529067727338226,2.1900535341198504,1.2011222870405958,0
4.071551346872936,1.9374483847034254,-3.556035719681264,0.6677234227797877,2.921250400814857,-0.14122560412201923,0
3.0416768567156365,0.8206440245415634,-3.2976672044912703,2.124846639145506,2.6099011367683835,0.11510183317430463,0
2.7534870034028276,0.6832021766859214,-4.040887708827925,0.7480132734350984,2.5351847704258574,0.46020836607575943,0
4.0562515992044075,1.8304141647613916,-3.4512019154646243,2.3128015956647636,3.0981946395348032,-0.06960071070823251,0
3.039703821856224,0.14462273540194148,-3.671867788890985,1.1585638693665112,3.9475133152967885,0.12511410182256902,0
2.9616927023713484,0.3502819663243232,-3.017833868140108,1.6688109944857616,2.5019208253663425,0.8847302998973169,0
3.468315511135309,-0.3655853373636784,-3.8531650313699513,2.2632573451098397,3.3449943283672745,-0.07846734507369364,0
3.0404824097070655,-0.8876344179020468,-3.891311564515435,0.9488559609449478,3.738070884485477,0.1504904031498791,0
2.9805302584302344,-2.1718772142015386,-4.91244683969593,0.8349352060025323,2.037810021436896,-0.6896221014320068,0
2.1787506187098145,-0.5750216021292778,-4.475562199813773,2.231740728876132,0.9721212162690764,-0.6297625130200383,0
1.7873107376536181,-1.1249197179929347,-4.52261334925584,0.983091347925207,2.9164760291801155,0.24825667775400947,0
1.6409917486960481,-0.40771521001642397,-3.7045466772642883,3.498008087914972,1.884339497425536,-0.22076945592893843,0
1.2564533439874987,-1.3953858870900082,-3.3935172019710453,3.4797431944440005,2.6339805508782224,0.04971959440100156,0
